USA-STC-STO,0.3700426358747621,2.0519955854996294E-4,9.539676223416104E-5,2.2602101622094845E-5,5.293352526733174E-6,1.349249731238232E-4,3.7837430966403276E-4,0.0421760779021448,0.3017589787536101,5.9574896012879265E-5,0.0018375950285031382,8.366029208215972E-5,1.4837343556679242E-4,5.212088174619787E-5,3.795149307043834E-4,2.1971210439687398E-5,2.4409691734149502E-4,1.7918457714715552E-4,1.6439974919950508E-4,6.600674301053658E-4,3.537604078863782E-6,0.06895046154698628,4.228026284977057E-4,7.288231648648783E-4,2.5177558480228817E-4,3.9244173714984295E-4,0.0012206215320039616,4.9611069226821285E-6,5.6908995360532335E-6,0.2093688412580709
USA-SAL-SAL,9.049316681223917E-4,2.084172720454098E-5,3.224348369660432E-5,3.622057995144458E-5,2.8503123231909277E-5,0.038269158313320055,1.5539022708133403E-4,2.8996564292243004E-5,0.951056982422866,4.901769256824262E-5,3.82646709424237E-5,9.589604938962545E-5,9.730025465629058E-5,6.972910846698003E-4,1.6779457999956771E-4,2.1025789846919883E-5,1.9485081667299897E-4,8.419328072703314E-5,6.229830722686975E-5,2.92313896715219E-5,5.607485388507102E-5,1.2366116705820503E-4,9.939904177858859E-5,9.037323259523592E-6,2.3133603638593948E-5,0.0071934103049031035,7.800663790905059E-5,6.07792378301327E-5,6.431956069441264E-5,2.2174624290537145E-4
USA-BAO-BAO,-1.9868867400803372E-5,0.99856086496946,0.00203880425548512,-3.103447525562184E-5,-4.255747983506471E-5,-3.0980599198456896E-5,-4.3311818333724554E-5,-3.599809125114656E-5,-4.672618764858598E-5,-3.360597164124373E-5,-3.842433350642251E-5,-4.3473312467428134E-5,-2.2928184405516313E-5,-3.751466370189683E-5,-4.6342566364194236E-5,-2.7137921488263778E-5,-3.6992849533763134E-5,-3.4565454547681116E-5,-3.099161382439813E-5,-2.7702796876658583E-5,-2.014061663957347E-5,3.503553431554016E-4,-1.3200899739817553E-5,-3.885973200120974E-5,-3.9304974515607955E-5,-3.9716867585643264E-5,-4.6233000650285967E-5,-4.007424405716143E-5,-3.6994151140500646E-5,-4.5342894489883395E-5
USA-LAX-SNP,0.0021547451132748452,2.5958072811955427E-5,1.745108322865062E-4,0.21157765460975736,3.1872198969816495E-4,0.0169350291375832,7.549441286728107E-4,3.0854214657609905E-4,5.941652369753379E-4,7.745747720445495E-5,0.0021021299233769325,0.5998462492596157,4.818770714249158E-5,4.5594925005923713E-4,5.240657812759392E-4,1.6472868662321868E-4,2.3871169981456354E-4,0.0704875348139849,3.953717399856973E-5,8.779600954807076E-5,7.034860173145905E-5,0.08939031453918493,3.013974359805155E-4,9.660878319642963E-5,3.6463031307211506E-4,0.0024404221952580517,6.687550365908784E-5,2.476667969516509E-4,8.122549661596552E-5,2.3891284069298668E-5
USA-RCV-RIC,0.15623075727397343,1.5666799828453062E-4,1.1333245421813587E-4,0.007721914123346094,3.956380116353816E-4,0.0068028775166354034,0.0018148563185908491,0.2602579409444906,1.6623983092392363E-4,2.481498319219613E-4,0.15763448222051354,0.16816414479050473,6.344839294537154E-4,5.5457597233315226E-5,2.3563435746803656E-4,5.64302029768444E-4,0.01713463546627254,7.290805393388378E-5,0.05882216744646249,0.014232306943938313,3.784204620913709E-5,0.11090040598261225,8.614785525632804E-5,7.277116762582561E-5,3.524559159617734E-4,1.506817596692013E-4,8.237990447964475E-4,3.0863714522001484E-4,1.6552252844403113E-4,0.0356428394146356
USA-BOS-NOK,3.8351085014669365E-4,2.5122124014620564E-4,1.6960944679803822E-4,1.1955642427298135E-4,0.20460252160029677,8.135686684912607E-5,0.04355305287461253,2.0639116157879103E-4,0.32422539683123675,0.04209658507899867,0.012460946194998667,1.5480826029183495E-4,5.443847230376139E-4,5.463839058630318E-5,0.08043270274184763,4.143561705766234E-5,1.2036789735142222E-4,0.0012342363306886476,9.936953238723176E-5,1.2278666974793E-4,1.8257427129275453E-4,0.13106351660382762,0.15269433160948817,4.6950499160048754E-5,9.75609748787135E-5,7.887675157609137E-5,1.2678811858575525E-4,7.746644002003538E-5,8.51582016803233E-5,0.004591897796558744
USA-EUG-EUG,0.18597228553877354,-9.131165210897138E-5,-1.9430539665736488E-5,-3.547751440917932E-5,-4.1611568485794265E-5,3.4774161627381864E-5,1.017414442016994E-5,-6.331700526563075E-5,2.5888672502495045E-4,-7.499252382296736E-5,-3.2412372113125734E-5,8.898646081455926E-5,-5.8497369187256855E-5,0.814359988482444,3.502181947462522E-5,-3.1408569314941695E-5,-6.361204331870207E-5,-4.344517057986765E-5,-3.410274139393504E-5,6.3787431386530726E-6,-2.261834224268059E-5,3.580350336624025E-5,-1.8667455532805612E-5,-2.4730997708167553E-5,1.3157898346921677E-5,-2.3402228520484383E-5,-5.263336070252019E-5,-1.717734098014028E-5,-3.821236452257788E-5,-2.839631755576665E-5
USA-DEC-DEC,0.21643116149607475,3.582540528667633E-4,2.205387238991488E-4,1.746950335178809E-4,5.244908995999156E-4,3.1877044622392794E-4,0.7438734102686801,6.016556701059661E-4,9.987003890304853E-4,0.027873268152061495,6.292132357948976E-5,2.593614164698308E-4,0.0013703287174113706,1.1966962484065149E-4,0.0025462143971456586,1.25285967079199E-4,6.591613705789715E-5,8.757325810122931E-4,0.0011782906081947635,3.6880747217697384E-5,1.7744151736189136E-4,9.909289158514531E-4,1.4290354404645234E-5,5.4790480137627725E-5,7.903512615558436E-5,4.2806224849636953E-4,5.95058084357099E-6,1.7486004186086071E-4,4.9188795551958765E-6,5.417520326366047E-5
USA-KAN-KAN,0.0031100353433673534,3.172541618498215E-5,0.014811537478965901,5.056298502912137E-5,0.0026370600634227142,0.06187527559147082,0.2877956838844206,2.054313906783874E-4,1.7485824032329047E-4,3.3204810431529185E-4,4.489988763227301E-4,7.217646434944723E-5,0.002467246126807383,0.1671594343646277,0.1788334911805686,3.6170903830844603E-4,2.352804534612966E-5,8.167734693604766E-4,0.03899788863350062,7.459282309434914E-5,3.536465732590912E-5,0.0055236170984762105,2.0696536234568076E-4,7.202763934913793E-5,0.0035258997684026188,4.604890632877881E-5,1.9711026355975604E-4,0.17345621398464886,0.05656935701384285,8.733778525566313E-5
USA-YOU-YOU,0.0012897129560230133,0.004051373047327479,4.3243752515875376E-4,1.1810904260528532E-4,1.4324118508786944E-4,2.853997992005711E-4,3.2792323737020074E-4,1.711425158279743E-4,0.8623398008650177,2.726034432791142E-4,1.4703287248943184E-4,2.703430664403625E-4,7.580809996616509E-6,8.635280127735502E-5,7.952848716129152E-4,1.996292268096522E-4,4.3141743611141897E-4,1.5203187928324643E-4,6.359742683522947E-5,9.68759540450646E-6,1.0677328960108972E-4,5.477573094463123E-4,2.2421032637412295E-4,3.944432961281075E-5,3.5944169127447717E-4,0.1262938713980857,4.5356650763186707E-4,1.0478445221232498E-4,5.772599050820001E-5,2.177231020945546E-4
USA-IDO-IND,8.110745633033113E-5,-1.2484496388501254E-5,0.020537429937965045,0.20333332609142074,1.2715331369563652E-4,8.329000701258421E-5,2.970843552502012E-5,9.322294268600934E-5,4.8808595694117376E-5,4.9482742505310645E-5,-1.9660043345315074E-5,-8.011181323110013E-4,-4.5765362120991796E-4,-2.8184566791589514E-4,9.682786018479687E-5,-6.808003546673148E-5,6.860092049298719E-4,-4.804466912120146E-5,2.0105713103858207E-4,-9.181333194634213E-5,8.59043466514554E-6,0.7302664202689537,2.0873362233451938E-4,3.6957680027292464E-5,-7.891296932528472E-4,1.3179208522035746E-5,3.789152674654643E-5,2.44135419515329E-5,1.4812253899957438E-6,0.046604738463378884
USA-PTT-POR,0.34810759756342263,6.6360218209000865E-6,1.9432590386771564E-4,4.1301369930249563E-4,1.1411031275632339E-5,0.0010459378117057992,0.0013780528453187612,2.7405365461729555E-4,0.45967561165240123,0.0012260805597447064,4.186997882788786E-5,5.243579214864968E-4,2.4449306757952626E-4,7.194940175251968E-4,0.0017866316449451965,3.6755606917958513E-4,2.408724099599654E-5,0.008734621832969617,6.420672360774033E-6,1.0182371939907395E-4,7.798591093084158E-6,0.006087086793555691,1.96291922525168E-5,1.686900502488483E-5,1.7887072153480548E-5,4.394681319450169E-4,9.618454021427162E-6,9.280277919066102E-6,0.16812123051059563,3.8705506269266744E-4
USA-CLS-COL,0.053863042483175805,4.219103101687278E-4,6.326921019649289E-4,6.52525793275099E-5,2.3962938222059864E-4,0.022890959255133975,3.4541182705443763E-4,1.3050105826708803E-4,0.22577705325956285,1.4645911560602542E-4,9.763379290924727E-5,0.10731321152301268,1.472516502016033E-4,1.0157284920071941E-4,7.884710569371998E-4,5.3474423133239164E-5,3.453776892230074E-5,1.0659335270601755E-4,2.5444436820821115E-4,1.1480017287407063E-4,3.3262867601589367E-4,0.0010587431677262099,9.263721777065551E-5,3.2974949362376655E-5,0.5836178830120844,9.671981950360686E-4,4.195843109566834E-5,8.562039439762092E-5,1.915236335748092E-4,5.392999234912092E-5
USA-SCR-PIT,0.0018291651623060553,5.032752999677334E-6,4.0781515496702956E-5,7.236982004335406E-5,9.0178379034065E-5,0.9953941705720959,2.4745300436623016E-4,5.844998008010583E-5,4.418550042535325E-4,1.928487099059679E-5,1.3686000623411373E-5,9.299104748368484E-5,2.0118589273613916E-4,7.824067321607845E-5,6.247150753873182E-4,4.8138878983323876E-5,4.29919802300208E-5,7.79713335951385E-5,5.5240868407743054E-5,1.7800186867916532E-5,1.8486770349712777E-5,1.9496095947651833E-4,3.214715551450165E-5,8.212686694956703E-6,3.704475858559061E-5,8.716410812306131E-5,8.604574216288693E-5,4.779664135397704E-6,5.755882825334816E-5,2.1896327507109203E-5
USA-CIN-CIN,6.277308115972692E-4,0.0032421093828201818,0.005691372624642814,4.0500358037538113E-4,0.06473325920644914,7.366026626273356E-5,0.2750740047778415,0.006587625957014144,1.5269121733844893E-4,0.037399852575175314,0.03568579956043267,0.029998031560475136,5.3945400157827344E-5,0.02833844037711825,7.784025579766477E-4,0.10741909391253122,1.401316873973636E-4,8.89629203575437E-4,0.011265225826066701,0.1126791304270667,0.012585100089485289,0.10034438060449595,0.009954709060654824,0.03194647241577357,0.007099008339590148,4.4818462410239545E-5,3.6177056432248623E-4,0.06379352759498678,0.05249353686117159,1.4153509479447203E-4
USA-WAS-BAT,0.03979183439111062,9.605792154538473E-6,1.2086450756775935E-5,6.018211558646429E-6,4.4512250884043185E-5,3.220259527052647E-4,5.313485671741767E-4,0.6350528682469504,0.12017637034147306,0.0013697937848227665,1.8851010554032157E-4,0.0012481543781456752,9.569042868593618E-5,8.257872428589749E-5,0.0013983984346899838,7.603294556780166E-5,3.456650500855778E-4,7.420422215400598E-4,4.716577587640851E-6,2.3010410784442351E-4,3.9602982853847304E-5,0.009096256184501068,7.919438620005391E-5,3.5818191899372455E-4,9.30599827552677E-5,2.1848623396632033E-4,9.753478968056578E-5,1.9466806289142582E-4,0.07222647108624698,0.11586818740834721
USA-CHS-CHA,1.178415297619101E-5,1.410025028503136E-4,4.417666722200648E-4,1.8063022174576843E-4,5.3832498055922394E-5,2.8745589727747757E-4,9.280413825908036E-5,2.22250652493106E-4,4.5267427028261004E-5,0.5655663765319081,3.86298953045451E-4,1.2116385929802315E-4,6.675745275031638E-5,3.761222915573793E-5,1.111281883921729E-5,1.9188726443330076E-4,4.721788318094917E-4,0.2411893536950358,3.694136899554965E-5,8.228840357543239E-5,0.0013424088658759014,2.498334439985325E-5,7.865792370049019E-5,0.003115792195587912,2.739927196534038E-4,0.010045808372472634,1.3905582866187609E-4,0.04963285895282306,0.12566501962063822,4.265660443374225E-5
USA-ORL-ORL,3.798690423069346E-5,1.4241416637785544E-4,2.676268028504688E-4,9.461948671708718E-5,1.2175588134754768E-4,5.81015207853008E-5,1.4531118160021245E-4,2.772732698689044E-4,4.9950723717631974E-5,0.35580036626875866,2.045215413838397E-4,1.1381760749524185E-4,3.3258629409145784E-4,1.2222316121477327E-4,2.2185445700822687E-4,1.807695891013562E-4,7.29830268382552E-4,1.32615346623613E-4,2.653177098997226E-4,1.6785971383962616E-5,2.850781879461938E-4,7.419100442372645E-5,0.11992645570563111,1.1590678754788422E-4,3.053876585514543E-4,1.3242484806215933E-4,7.96615190204228E-5,0.5194785424988373,1.5304087545729527E-4,1.3358276168316403E-4
USA-CHC-CHI,0.4589754077735954,0.5411850291128976,-1.0979985351242892E-5,-4.816265693829407E-6,-7.33028110996576E-5,1.1169277164418088E-5,6.447320101184084E-5,-6.1869770871478E-5,2.1354018272274028E-4,-1.9126185427908843E-5,-5.3343983836197115E-5,2.156253063118166E-5,-6.293524926558172E-6,-2.6684937454740003E-5,1.1668022393773938E-4,-2.696346523118516E-5,-1.786358109862066E-5,-2.4655757999945455E-5,5.5361034823281005E-5,-4.946034554527878E-5,-1.5244776825800753E-5,6.7673204929171205E-6,-4.628392449339715E-5,-5.353040585650635E-6,-5.441577511691774E-6,-5.042735539893787E-5,-4.604424226295181E-5,-6.021763277254427E-5,-2.4846665416925468E-5,-2.0770827472992236E-5
USA-LIN-LIN,7.361926808274366E-4,5.660079955909904E-5,1.1449709236740182E-4,9.0747300336694E-5,2.310711829169917E-5,8.897327393393624E-4,1.2225527758337993E-4,8.991780089976948E-5,8.804060698644818E-4,7.077916094229047E-5,1.0899363795650874E-4,0.9937867608520677,6.475451542054215E-5,2.4076198497928814E-4,3.6450203559751257E-4,9.719638527596912E-5,1.6291157929105906E-4,1.2203608093677231E-4,2.3327236833163315E-4,7.679223273289785E-5,2.9198912338337056E-4,6.180054580937545E-4,1.320026516081384E-5,1.1174789936692265E-4,8.34324171749504E-5,1.7396465159906426E-4,2.8414162995520367E-5,2.9285040011477653E-4,4.562922551263563E-5,8.54868399681781E-6
USA-ELP-ELP,2.8152258477917737E-4,5.673521309338738E-5,0.03458881652780518,1.0575448617264708E-4,2.583835427885502E-4,9.168804763603782E-5,5.791622293062876E-4,1.1935232166299278E-4,3.5118421170611774E-4,2.8750006981157427E-4,0.04731446049003717,3.723579167098101E-5,7.19174429922199E-5,6.166961818858162E-5,0.604435877252946,0.04378161974266841,5.408935818377515E-5,5.330595617017231E-5,0.023532891156308043,1.0791824112732756E-4,3.551361859192449E-4,3.846896319622697E-4,6.679771660714367E-5,9.377127934452885E-5,0.21742006636446048,0.02525580979866492,6.195409299439774E-5,6.609712663490463E-5,2.4806156883366872E-5,9.978736147439173E-5
USA-FAA-FAY,0.1680452437923291,2.850722702223923E-4,8.653353191726472E-5,0.0026031042313352597,0.001216500356866908,8.814638056515781E-4,3.77716541305412E-4,1.5960338759653895E-4,0.001042170991466257,7.581443470141327E-5,4.772886753237219E-4,3.536035339899897E-4,0.02758601226238713,1.589475201112649E-4,0.031478697793523545,0.2905126427708447,1.816889531923564E-4,1.9912409584147163E-4,1.7028181114104606E-4,0.07289909548682168,1.187531027923232E-4,4.116071817278304E-4,0.23694574785368364,8.814205808388855E-5,0.001326405085833821,4.516175940499604E-4,0.11045415614748749,0.05099584970396564,3.6157638703148746E-5,3.809573871032878E-4
USA-SAV-HIN,1.5978420958787874E-4,5.391526647730557E-5,-1.2108050808339125E-4,-7.14127719743298E-5,1.352279708482162E-4,-1.2071056361827567E-4,-1.550051353511003E-4,-1.6101959607063917E-4,-6.307926388248387E-5,9.85517660369904E-5,2.8782860562018946E-5,-9.320496482170775E-5,0.34813386915402267,-2.3624854873709628E-4,-1.6029445107674983E-5,1.9608355276657373E-5,-1.1009171122090627E-4,-8.023476479482441E-5,-1.2169193741042356E-4,-8.567476609391891E-5,-8.401975415562864E-5,-2.9973609799150244E-5,0.6531651601687021,-1.38028554347599E-4,5.917054940651209E-5,1.246837785687872E-5,-3.257967391637892E-5,1.2638989025279712E-5,-6.20188018618337E-5,-9.707329655525053E-5
USA-HON-WAP,0.35711230592853316,5.566475725832571E-6,3.6582370995097757E-6,9.500521180475483E-6,7.73381667445217E-6,6.43642857214898E-4,7.695244212710756E-4,0.18997015703156775,0.004209870872256877,1.4003655144857618E-5,3.8758412553978796E-5,5.514958186248605E-4,4.115264837588298E-6,1.5864508363992724E-4,0.006717431668647828,9.582688251939267E-5,1.9675043989009904E-5,2.4289915551027112E-4,4.1369608755347653E-4,1.0354469339268963E-5,5.827208985770081E-6,0.0179061140209659,1.4971338807988043E-5,3.4524966351050513E-6,1.7498282875303935E-5,0.4207787369031592,7.003618706259818E-6,8.87723386649443E-5,5.828175660454327E-6,1.7293391165457811E-4
USA-GES-AND,9.076124885277516E-4,5.608047835146682E-5,1.2735128891277282E-4,1.11921897596971E-4,8.849522518590885E-5,6.025723431726591E-4,1.0499582108462131E-4,1.8683636398529797E-4,2.2168875142250597E-4,7.746581444933442E-4,2.3092447259102412E-4,0.13563697570076766,3.817375513368292E-5,0.1308870313689688,0.011404591747919968,1.4097737152049466E-4,0.02296539047303486,0.0019171132257137392,0.028917746529021054,1.0373631831307684E-4,4.393383452570958E-4,2.906910778311299E-4,1.0326646102183717E-4,0.5033559212837982,4.465725955648055E-4,5.49163821619379E-5,0.015364998668181896,5.078065254899241E-4,0.12392755548283478,0.020084059412140698
USA-SOB-SOU,0.07290784431834445,0.031106713854617465,7.368975996753063E-5,2.4209062975561165E-4,1.421260973385619E-4,1.906944085726917E-4,3.0436631204860314E-4,9.488906547372913E-5,1.8908878395847975E-4,9.335895339111971E-6,2.702558941751334E-5,1.728961265678659E-4,0.2320489211910559,0.004537503596773409,5.740553135966514E-4,3.2274557545524735E-4,7.523824425887232E-5,6.573751104030195E-5,3.535988818286155E-4,0.0389660437832269,3.2644787726476565E-5,1.8718725751976886E-4,5.242401833494313E-5,5.035631945873263E-4,1.37976675971735E-4,7.388349567995894E-5,1.9904160675236185E-4,5.532678921000571E-5,1.4697353856063403E-4,0.6162063736970194
USA-VIR-SUF,4.222273767803556E-5,2.8915685217146083E-4,-8.909064879265605E-5,0.7149650724333109,0.03572664710336347,1.7937317692089065E-4,7.924865485163191E-4,2.3384076667440356E-5,-7.352833861328869E-5,-6.150278383972476E-5,-1.2788544044390465E-4,1.092959770945708E-4,0.1425689775400097,-2.785833384992093E-4,1.273852959170612E-4,2.8066688238111766E-4,-7.829380454251099E-5,1.773157110264372E-4,0.09002100492473755,7.118298607232777E-4,-8.858300566162471E-5,0.014854052171007354,1.529984246292479E-4,-2.2968720176417385E-4,-2.948923475767563E-4,6.202698645655951E-5,-2.7492476508727255E-5,-8.543357164036085E-5,3.4156368994383516E-4,9.512565327467957E-6
USA-DAY-DAY,4.371849736598598E-4,1.1124443287483856E-4,3.5077490959423455E-5,1.648013834797274E-4,0.0015751159042756845,6.279288965636301E-5,0.46704908500915493,0.03291111792284865,1.6792852984513112E-4,0.007042123605029875,7.705335303202792E-4,1.965221126670554E-4,0.018790481072197097,0.17733135785571158,0.05604752781801679,0.0026618957101137673,5.8991809620001776E-5,6.700026280425431E-5,4.0410623156413803E-4,0.14633077213438325,0.0853364843513222,0.0015997393182178104,5.661871349154558E-6,1.0955767291803848E-4,6.9163473738898E-5,4.316834284038402E-5,3.4874174382909734E-4,1.0858337996247542E-4,4.164414241633072E-5,1.2159502422298811E-4
USA-SAR-SAR,5.800245293297496E-4,0.0021940310384356092,2.2527916321704995E-4,0.345019373367774,0.6357374388456535,6.617985107586554E-4,9.299459429448457E-5,2.02847692653098E-4,3.843383798703846E-6,7.40602228268905E-6,2.075310122737277E-4,5.055007719283226E-5,0.005141019561292062,2.177238966575937E-4,6.64817476662083E-5,0.003416832934152229,2.019542658172124E-4,1.6500931629802933E-4,7.113055188599357E-4,0.0019585895029416924,1.3590627461961533E-4,2.689197300298475E-4,9.273585776507535E-6,3.901031235874318E-4,2.1149087939032173E-4,8.575872582397399E-5,7.184729143298072E-4,2.73424907757067E-4,6.152655740964132E-4,4.2934930323998264E-4
USA-RAL-WAK,0.004290168160221942,7.813433010874541E-5,8.971925590079785E-5,2.1926312805167119E-4,3.4313068018931793E-4,9.90498646201984E-5,0.04029141422473606,1.0261032226788322E-4,0.25162312526119623,1.1085376030500635E-4,2.0498962925003547E-4,5.112692028934268E-4,2.5530622947063895E-4,0.07520073768570859,5.964314608875362E-4,0.08786132405070825,0.4019321068061333,1.1361164762529369E-4,7.198161070082508E-5,0.0253784972711875,9.009991166767464E-5,3.665992767720784E-4,6.76753144501042E-5,4.55532694134955E-5,1.0918291824569057E-4,6.140317723392568E-5,1.0192373276091113E-4,0.1094774859476762,2.0483531006037337E-4,1.015165595562755E-4
USA-NYM-NWV,0.024501435157011343,0.7416503513469608,-1.4070788537033916E-5,-1.5851242397651225E-5,3.027878442611149E-5,0.12621915114402915,1.401476479859397E-4,5.430246634596545E-5,0.1074338101426925,-3.1207987377438384E-5,-4.0387900015050535E-5,-3.755319743865492E-6,-2.5768121471980777E-5,-1.4161052382690054E-5,1.1055226314420839E-4,-7.18019473664907E-6,-5.527777232036267E-5,-2.253180002058271E-5,-1.6698395769766953E-5,-8.764978418361143E-6,-4.480704308892611E-5,2.4859020040356937E-4,1.9728442598478082E-5,-1.692419008560623E-5,-9.268257021368396E-6,1.4121317595706445E-5,-2.7151706970735447E-5,-3.8316957739839005E-5,-2.7281999093085876E-5,-3.0632060030355847E-6
USA-SAB-SAB,7.092963960222619E-5,3.963138260696855E-4,0.0010113613155683277,0.7884476191426072,2.7501949757733035E-4,0.0017412972344946329,6.922589887644153E-5,0.0017079561154074027,1.0121033293616479E-5,0.0016930375690538603,1.1772480308835101E-4,4.943602657342817E-4,2.5145334204675995E-5,0.18205664513028633,0.0012139704747549799,0.0036725177674604196,0.0036213777691478746,0.001366525525996562,8.365781796322674E-4,0.001017119289507492,0.006042243284600638,5.004160954645892E-5,0.0028302108533072943,7.859466275454025E-5,8.340908965894482E-5,6.357474209201171E-5,8.222799655059519E-5,5.193476152024201E-5,6.610541902288305E-4,2.1186299737653572E-4
USA-GRR-GRR,0.0020946039193797607,3.535058172773338E-5,0.09803175417205734,1.0798491240244617E-4,1.5505304049142252E-4,1.3098136413503225E-4,0.32808091545388635,8.574615213799958E-4,0.05898281217118812,0.0019043675017017306,0.27674796510081995,2.5976293947283695E-4,0.05839026977479349,6.339198576756953E-5,4.046615474577004E-4,6.206705762012536E-4,8.365865721323478E-5,0.05617051162561119,0.0028472977745878343,1.1330431047312046E-4,1.6286884925726476E-4,0.01201966049451247,1.37197271501166E-4,1.601090080917583E-4,0.0015460045117111694,0.03646449979575025,3.1149619606300386E-4,1.6999555009970948E-4,2.3795853998033597E-4,0.06270743085228467
USA-GSO-GRE,1.1344077145833524E-5,1.3327656705754514E-4,5.287831298967316E-4,0.0011152793576519424,3.8088991497713093E-4,4.722898637286389E-4,5.4998983501620765E-5,4.0368644763542466E-4,3.564753186896529E-6,1.8073168060818534E-4,3.9305835203312883E-4,1.4530172430104007E-4,0.5297153135409284,1.6484545054958212E-4,2.1167797183461364E-4,8.593053980264758E-4,8.30339203033156E-4,1.0053818696474114E-4,2.8504946698769103E-4,6.368504454056098E-5,0.46080826865532876,8.264137550443249E-4,7.548670523706672E-4,1.5302552880005268E-4,5.2585539299214795E-6,1.9205037819874547E-4,4.3515230827898986E-4,5.062664364026448E-4,1.343162235934226E-4,1.3042199346319274E-4
USA-REN-REN,9.875562069513869E-5,-2.6287080052343807E-5,-5.628404352421905E-5,-2.42169463144706E-5,-4.2056391715979245E-5,1.0005233612109703,4.754926638907589E-6,-1.3872390403210413E-5,6.240767718896366E-5,-1.4712301398994667E-5,-4.508396947008742E-5,-1.455002930111879E-5,-3.6221726306946394E-5,-6.14505625305623E-5,3.643730290378868E-5,-2.246353655303061E-5,-3.118528218097013E-5,-2.2341236180947295E-5,-5.7961922201962706E-5,-2.3518162370401173E-5,-3.258707907425158E-5,-1.030440996266902E-5,-1.851784645649951E-5,-2.1700354725067268E-5,-5.926082780563664E-5,3.795599841611818E-6,-1.3364528416166781E-5,-3.9336630412714595E-5,-2.884014325803783E-5,-1.3394937622124345E-5
USA-MAW-MAD,1.1306348039182647E-4,0.1253948170250774,1.8720195944933846E-4,0.0011715719445865504,1.4737757758729654E-4,6.44980270445842E-4,9.607593107377325E-4,2.8559321972190875E-5,5.2331015304034926E-5,2.0970321926683533E-5,1.4159968252317026E-4,1.4392650748576498E-4,0.13270544415890104,2.7225207860568187E-4,1.464426974503698E-4,0.001703911662866744,0.0018751712006019,1.994779034072409E-4,0.35006416750038877,4.98982525649433E-4,0.2611324144158817,2.0267048232155895E-4,0.0017499916281629832,4.260916427340195E-5,1.9293661730244605E-4,1.1339483410296601E-4,0.11017039510323065,2.1778731590787993E-4,3.021347744751202E-4,0.009402657518982028
USA-LIT-LIR,0.0014037876195812388,7.005619943474099E-5,0.2684930951784387,4.79660965853616E-4,2.5934075193131067E-4,0.007520338518240827,0.06429615038813412,6.507705764200121E-4,2.1658451735966658E-4,0.037174737701736744,0.0010218269327842999,2.768011197544151E-4,0.010140523982362924,1.323495123182219E-4,4.5429885174077747E-4,6.112379961356852E-4,2.258887925565382E-4,0.2002608797135185,0.0015240382629334562,3.3069110704981916E-5,2.4624561782317296E-4,0.14133185134758097,3.5434538171124806E-4,1.0181321547546314E-4,0.08084984896859831,4.278727287432697E-5,5.591075247780951E-4,0.0019764076554440947,0.1786087575184462,6.833988053272511E-4
USA-HRT-HAR,0.304082630085516,0.017622652456899406,7.363392827721811E-4,0.002373860323196357,5.068296522548189E-4,0.02940991584877316,2.627767228440372E-4,2.1516249808820894E-4,6.776614612475985E-4,0.0010507253134633815,0.0012874063957004948,0.250638324985007,1.04979283577365E-5,0.0010569419919793258,0.16418857514657278,3.580478395937462E-4,6.105240135039243E-4,0.08206203289051739,7.270174160422213E-6,1.069725691527767E-5,4.568475731806542E-4,6.346240622357215E-4,6.314802171982425E-4,3.7682860457581856E-4,1.8845655829630563E-4,0.07463188058987671,1.8681904949021066E-4,0.06521101329425776,3.673820917510666E-4,1.4579569177426425E-4
USA-CAC-FOF,0.001772570488229686,5.0513262626050754E-6,2.930695453113458E-6,6.755258533342486E-6,6.009733290271109E-6,3.468578843315564E-4,3.9889156577446267E-4,1.2609216937102964E-4,0.98830241863242,3.6936057000499584E-6,2.5338681737203728E-5,3.432634324857985E-4,2.4134871987800067E-4,3.9383843263686983E-4,0.0014549078153221619,4.645471239905588E-5,8.088757589239863E-4,2.373286253405471E-4,3.3855796785480007E-4,1.035984099182429E-5,3.835714383301967E-4,0.001065450594786986,0.0011388444457761113,6.195217783590809E-5,1.6322263279561886E-5,0.0022208836921770326,5.335654400139595E-6,2.2361708464980625E-4,3.383260361984628E-6,9.094041466167595E-6
USA-AUT-SAN,0.29811954786128975,0.20228510239591405,0.0010726258254212745,6.883797874663256E-5,3.304262553068531E-4,0.033593358757343025,8.445479374461849E-4,3.359612653152718E-4,0.001040710139527212,1.223790828532974E-4,2.9476131214527728E-5,1.3681972659329727E-4,3.324218543162331E-4,1.092761580604323E-4,0.0010736270250436104,3.246258509283874E-5,9.804013962399787E-5,9.86449410709391E-5,0.24501170710401343,4.6812802609691495E-5,7.22682397270681E-5,6.524358433738051E-4,8.066860758902203E-6,3.508112638108568E-5,9.18491322904489E-4,1.4404760249696314E-4,2.1639313235131087E-4,3.6797126797753245E-6,7.390263103201417E-5,0.21309284756149202
USA-TLH-TAL,0.36842586626413176,3.821128796830614E-4,6.159967153157879E-5,8.850597129897871E-4,1.119787853110646E-4,1.2871167326529773E-4,1.4762187547635595E-4,6.7070332392459E-5,2.6312149211976167E-4,1.4776326967703169E-5,4.7414707322543917E-5,2.1428742207127617E-4,2.0904555094703004E-4,3.680794397248433E-4,1.64801296061049E-4,1.1305351246640754E-4,9.163101482680927E-5,1.1116721834042037E-5,6.139731363714508E-6,1.654767953979083E-5,1.3439524573750435E-5,1.5952087507535185E-4,1.284230809655435E-4,3.269441447789536E-5,2.0398738011484878E-5,0.6275284330850748,1.4392713041341267E-5,2.1662872603420553E-4,2.1994533933715427E-5,1.3403821878544626E-4
USA-ALL-EAS,0.001207802253028351,6.605340143491315E-4,1.3986846770016817E-4,0.1122225362095306,4.862909782313092E-4,0.05217649349301805,0.47601217398663476,4.065308876369708E-4,3.884568903386663E-4,1.6510908487965905E-4,5.491752098788449E-4,6.94902825177286E-4,3.3056311424077404E-4,2.1928502619822916E-4,7.70283449448972E-4,7.871168289529718E-4,4.138642785379992E-4,2.891125613265172E-4,4.111783090206468E-4,1.7053159343667277E-4,2.6894246440051353E-4,0.19638948377320517,2.773029234971448E-4,0.07288440764320853,7.39799839479369E-4,2.873327009100271E-4,1.671125572528188E-5,0.0804468044499786,1.1867226531804748E-4,6.87332227106368E-5
USA-MOI-MOB,0.100615853531637,-5.444470485667398E-5,-7.778163863467836E-5,-4.216497068647895E-5,0.8991562231221358,8.947842418302189E-5,4.067127504279218E-5,-1.238211984225025E-5,2.589177179691073E-4,-5.522113045256803E-5,-3.528886650609554E-5,3.0996897697916835E-5,-1.525240121853677E-6,5.475067981805092E-7,2.2985667841100661E-4,-1.1472114271542632E-5,-1.4742846320506296E-5,-5.080830283690355E-6,-7.466366915161052E-5,-8.194977406189509E-6,-3.523400194073682E-5,1.7231594792667385E-4,-2.9691709884926366E-6,-2.112813926722726E-5,-6.461854498552163E-5,5.9970268815603115E-5,-4.1855367402387984E-5,-6.600897318617729E-6,-3.3163044372042906E-5,-5.6299095807888415E-5
USA-KNO-KNO,0.08682023152269869,0.06190276830365944,7.935517538555775E-5,7.799675932852304E-5,1.5697465778870292E-4,2.2095699491607673E-4,8.453353818926399E-5,1.670901667999129E-4,6.899393237058335E-4,4.913885891309855E-5,0.018453392242686443,3.8216097624815235E-4,2.1420613039385654E-4,1.9633893740004103E-4,1.8167113769090583E-4,0.01835351817686918,6.750293764600484E-5,1.9614051408777759E-4,1.738047975848229E-4,4.412355763628475E-4,5.970575156360264E-4,0.001431695126883356,7.23071908611411E-5,8.98418257023777E-4,5.716979017913238E-5,0.00737973348658336,0.002384825876166367,1.5337640863442175E-4,0.7980044783435652,1.1198127611198016E-4
USA-CTN-CHA,1.3988878599738763E-4,0.058218954430262426,1.276723821133792E-4,1.0278746014668602E-4,0.001245698255107832,9.671487568202457E-4,6.022349982567657E-4,3.1836439233907645E-4,0.03290926007882906,0.0016729310996788204,1.314832673200076E-4,9.068139098356614E-5,0.003203864071981839,7.434539376078835E-5,0.2583513411282142,0.20777605456153816,0.0014759628677968246,0.08769644264229233,0.16637913296242843,0.0024052734079331207,6.275904697084613E-5,9.700355446752801E-4,0.041043212178378634,0.08267539598749958,1.784550837411116E-4,3.8847826992413517E-4,1.124860548273315E-4,0.050429011800042486,1.5518759418183147E-4,9.545610595747698E-5
USA-TLS-TUL,4.1834299387014296E-4,0.05398860865914942,6.836199569292558E-5,0.00814555240685725,4.3122066192411964E-4,4.9451108525940735E-5,0.0865603591974309,0.15225682873313046,1.277656052817438E-4,8.196826411328602E-5,0.019075049134544178,0.19567872662883048,0.09922751572714897,1.313890847077535E-4,0.016285049025084465,4.4301148957853374E-4,6.657365909437523E-5,1.557792976989748E-4,0.19320363615031008,5.847304932478175E-4,2.006898948448836E-4,7.728184556459812E-4,1.7860568261458863E-5,0.0031461895904345504,0.011446328519665538,9.350529058402491E-5,0.005798711229938257,0.15109228171995034,3.217382848745016E-4,1.2995612957870237E-4
USA-DES-DEM,0.0041452656839568525,0.07045321889716849,0.08447111571202152,2.2519711461518486E-4,0.026073310193730298,1.7012846248059223E-4,2.9451830000753256E-4,0.06456239540305446,3.667734798001397E-4,0.02577501224432973,0.09011747147420542,6.737312532146757E-4,0.007359686834342608,0.012016541940260701,0.06912240425348104,0.017763775244793976,-3.1543695606258364E-5,0.097078645491616,0.04919646552142263,0.12764085911523512,0.038523845932710965,0.0795409693726637,0.041226708337815866,0.006547443486546602,0.0036407942448213686,1.7909385771772767E-4,0.043897479473431755,0.038522415939264414,2.5186321735787254E-4,1.9441321353919682E-4
USA-FON-BRA,0.28394409254234754,0.001498284474608398,9.730357639184369E-5,1.4234841183782945E-4,6.138562531403556E-5,1.798349164167939E-4,0.711185410932385,1.0345283003367631E-4,3.827742575284329E-4,2.779002706181574E-5,1.1175245118398919E-4,9.02723430401016E-5,1.157803934350189E-4,9.683899288481417E-5,9.501743981610123E-4,2.3205343046300075E-5,3.481362337887733E-5,6.580017841400892E-5,1.894146261815244E-4,2.4645499562089254E-4,2.928900776017995E-6,2.2719548290820458E-4,7.0321640258104475E-6,4.3633131629299834E-5,6.738375738594282E-5,8.581595434373108E-5,1.6064166588530228E-6,2.5820583916040727E-6,1.2009085163431577E-5,2.6281094451066607E-6
USA-CHT-CHT,0.068524218883819,8.310778144479265E-4,1.2392807810309868E-4,0.08693654862698627,0.0015018855135991488,7.471903245782611E-4,0.15533825834401996,5.928325687098388E-4,0.004537435518968594,2.1716246642432578E-4,0.12935650124178963,1.5940345376730397E-4,3.618600526503142E-4,0.05096331602085349,3.8349589179313036E-4,0.056108006858898336,0.23424533475244905,3.390621512152781E-4,0.01446690552262725,0.0027977864043752065,1.4346922319267587E-4,0.016387224701096294,5.545204953349815E-5,1.266217540221536E-4,0.17316557668733001,1.4687963199580092E-4,1.7082522934632507E-4,3.424627661619865E-4,1.2351469943571944E-4,8.057627678104662E-4
USA-MIW-MIL,0.0013549040568545559,0.005059252957834457,8.522672451631667E-4,0.27886780436706765,0.19465892677467075,1.4047601913881705E-4,3.4506410684036096E-4,1.2685073367558157E-4,0.10617766423018121,8.950819606043107E-5,0.10915258281499216,0.01024855836719601,2.1688077832168184E-4,0.004281069358748795,0.002400587543089507,0.03362112520249262,1.5244875272691228E-4,0.0017624232636276815,0.09924351755161125,2.2867743837951085E-4,0.016946090826012568,6.343097181326406E-4,1.7107316053672852E-4,9.61557195211761E-5,4.8310444926353635E-4,0.13201542484876652,3.501097037183981E-5,3.641499824021857E-4,2.570326049608818E-4,1.7057961358938368E-5
USA-SAS-PRI,0.08655261786159284,5.208963815615174E-6,0.08674463587027706,1.6755219003712743E-4,0.04941486678103106,5.876644194938736E-4,0.002737506955310051,5.806434624057456E-4,0.0010673622517779185,0.05360926659712917,0.024849655463699875,3.681512208182923E-4,1.766721552695558E-5,1.97522507891427E-4,0.2648003303456142,3.012383178577307E-4,0.0023068619128434435,0.004054741956166667,5.832152344883129E-4,0.1853771591723916,0.04311944039591452,4.923938135430754E-4,1.2392169195101786E-5,1.0634430516291375E-4,0.11618726380926615,4.00557048137915E-4,2.438090585341483E-4,0.07395892881853434,0.0011019629886309655,5.303889291203871E-5
USA-PES-PEN,0.28387536959542065,9.401391928169163E-5,4.0666808954403416E-5,3.040183973146165E-5,7.829894116911609E-5,1.0486170469032435E-4,1.3183830833843227E-4,6.967495321649856E-5,3.4468062625757964E-4,3.626390948683463E-5,5.879447709670572E-5,9.327087538379934E-5,2.4107799734422807E-5,4.148660742555184E-5,2.850760662289246E-4,4.2601165759325964E-5,5.7951432197140965E-5,2.9904055606750528E-5,6.331485721883558E-5,2.2755219500624584E-5,0.7138717074154051,1.73300928412026E-4,3.646172956168098E-5,7.184588827067301E-5,5.4142159207929925E-5,5.263764071432617E-5,4.52297011972844E-5,1.2709317188320664E-4,3.0357626054709645E-5,1.1890576593953999E-5
USA-JAF-JAF,0.02575984202903948,6.489071259464368E-4,2.2630794309798408E-5,9.378437788595389E-5,1.5047102338806587E-4,2.138823594441061E-4,3.904425981084716E-4,7.005435074121102E-5,0.0019256646140974733,3.049049998227556E-5,1.587120092580585E-5,1.2871641348469992E-4,0.0011013347766583791,8.993084372514245E-5,0.8299498265285,1.9136997061011607E-6,2.1404375863565484E-4,8.345284836413228E-5,7.395691358222686E-5,6.358564586093521E-4,4.618090015013156E-6,4.25222571319887E-4,9.405190436008558E-5,7.360464179625378E-6,6.404800716392661E-6,2.2011657923465941E-4,1.438226022723868E-4,5.10102950281845E-4,1.7678133231302275E-5,0.1369695486892541
USA-CUO-DEL,0.0032637509738732027,3.303451000602509E-5,2.1415009689708977E-5,1.2836514438987208E-5,2.526288057416883E-5,1.081916390809439E-4,9.130231603266071E-5,2.8567956044206727E-4,3.786471081905074E-4,4.576369921286985E-5,3.780922153371164E-5,5.714084730697666E-5,1.558474893835432E-5,2.4420334262754323E-5,2.9530413172232454E-4,1.3710935188376579E-5,6.614656100330037E-5,0.9945558039848608,4.607226324775415E-5,3.998264138990956E-5,1.7290926248314124E-5,1.388472240961534E-4,7.340617583522726E-6,1.513155249599648E-5,4.273183046006371E-5,2.745763782525651E-5,4.6058543430237704E-5,2.572443227761206E-5,4.748260967298233E-5,2.1407474491437944E-4
USA-PLM-ROC,8.681964654195216E-4,-8.956360760585241E-5,-3.151630025593442E-5,-2.3381528093626766E-5,0.7733898012343426,6.096748708324134E-5,8.802481629310638E-6,-1.4935194679136914E-6,0.22479792420136135,-8.370112665935725E-5,7.021049031638677E-6,-1.1499361207985991E-5,-5.8571474940883265E-5,3.845705220246405E-5,9.334245464467231E-5,-2.8338720273369104E-5,1.0493786623675294E-4,-6.25237720963354E-5,-8.628238871053076E-5,-1.0995321488569414E-5,-8.287950673869262E-5,2.4751248185687853E-4,6.5988151364211305E-6,-8.493036076895749E-5,-7.835859563477037E-5,0.001351591973180662,-6.496466137247532E-5,-6.801544013334579E-5,-7.696014177061483E-5,-3.1177734905991175E-5
USA-DAL-DLL,0.0014827250442881299,5.746802601015059E-5,0.12447370772524825,1.2414214596981145E-4,5.134403863061712E-4,0.007320698502761558,9.906805573985991E-4,0.03899882719904911,2.0935675490595598E-4,7.46805479056251E-5,1.219776893350994E-4,0.04741027235653094,1.581321414957659E-4,1.1208201066444521E-4,0.15369799493217245,1.8567447724665489E-4,8.778958221331183E-5,6.627075364805103E-5,0.2662094952349936,0.35621009578736995,2.0141735642560823E-5,3.5908869297548133E-4,6.122320055158878E-5,5.2392737560008784E-5,1.01904773492342E-4,3.9252358431415634E-4,2.2228520105739438E-4,1.472708747325955E-4,7.761526909824572E-5,6.004207506201633E-5
USA-LAL-LAL,2.500550988735725E-4,2.173330173971506E-4,0.0019367391268578457,0.0012661068471824762,6.495342445255558E-4,3.0195125293732095E-4,4.899751123662109E-4,2.0100106462438367E-4,1.1717986820462095E-5,0.005334720509918114,1.7033848445500456E-4,2.790126955113122E-4,0.0012433979819509145,8.497708505763416E-4,1.970564179603257E-4,0.14436968901399763,2.2712625692560698E-4,1.927650804252433E-4,0.39285302710509756,4.554670145449463E-4,5.405491733258133E-4,1.8934454567443016E-4,1.7516300092228874E-5,0.0012981670675412417,7.040493633009194E-4,2.0950804323609064E-4,9.030664698592748E-5,0.44511961311590736,2.531535359289029E-4,8.100704505902807E-5
USA-WAS-WSD,2.3022958869773884E-4,6.23601179763714E-4,1.266653349223838E-4,3.628137784829698E-4,1.812176233701617E-4,0.018374177169798268,0.13424529710780983,1.460377249335745E-4,0.06611054764501138,8.471591457445789E-5,5.029558821069329E-4,5.546160339657387E-4,2.2194081999180892E-4,3.3664852035980114E-4,2.2872676761427992E-4,4.8246041694905166E-4,1.5524736777597242E-4,3.457931620304249E-4,2.813933468450349E-4,0.2708734721599805,7.954952683108278E-5,0.06557708842483602,2.297905612356503E-4,6.438669755798452E-4,2.381890818672557E-4,1.0053300637169142E-4,1.6050340076137864E-4,0.41220799818027143,0.026173493582386614,1.2042971487487575E-4
USA-MEM-MEM,0.005716037117330813,8.175375621523048E-5,2.188005574235514E-4,0.00936450852379128,0.051733970896731866,0.11283672733781551,0.12131743913586286,9.783859752083492E-4,0.20047765420393251,2.7380051932553824E-4,0.006982240025626447,0.11203132628610905,0.029208457210318204,0.0030618453876900082,8.919770493196093E-4,0.051450039207941486,0.04137896600779054,8.090857656450022E-4,0.01258017779811101,6.574837666969593E-5,8.189622575244523E-4,5.4757208109068E-4,3.9986918556552276E-4,0.050959872549306506,0.010449026749894,0.0023542165106976865,9.184995009138086E-5,0.08268489427963424,0.08995906191681247,2.757333805245132E-4
USA-DET-FLI,0.0011145935939396627,7.135663067333115E-4,0.0903838806677405,1.0011617331479568E-4,0.04660852678928626,0.018351923541891146,3.6064379840316206E-4,0.13722479826454365,0.20181388707614853,3.22031015695877E-4,1.7849972979358406E-4,2.565556824945419E-4,0.001788751035382541,5.592663755438102E-4,0.001672497140280524,1.660808672104601E-4,2.591162584233732E-4,1.8224579617814952E-4,0.19403335816332218,4.942263562660461E-5,0.07142949544070958,0.005568371771709772,1.2780006200735348E-4,1.2977747819097412E-4,2.4134021445477673E-4,0.10281013337625579,0.09036666673341427,0.031367285711491506,1.7237295591926392E-4,0.0016469953438944128
USA-ABU-ALB,0.056278839824468525,0.025377568242883987,0.13824419731048534,8.886744792565653E-5,1.0572728039397132E-4,1.935056044214289E-4,1.7104817693107407E-4,1.8861120186731913E-4,0.016294401120684775,8.107190706185005E-5,7.44466429509907E-5,3.1415778896564696E-4,1.8245054062279134E-4,9.499877670418933E-5,0.15020803351065276,1.2827000063880017E-4,0.19415490094487906,0.0014391162358640354,4.351257198226891E-4,3.749883563934735E-4,4.8474118759401054E-4,0.001615683601788219,0.0032840485377929225,7.028087825807312E-5,2.2080612331042804E-4,0.1891341352002657,0.22003654797949895,2.1119447159101442E-4,2.178042628735025E-5,4.904549589951455E-4
USA-PEO-VER,4.640237186223338E-4,6.554878901604134E-5,0.0018869577091387513,0.06725563116763338,2.364564801997007E-4,0.004107781639736758,2.66221089748589E-4,0.41649594382766275,0.07995112418378447,8.851081994202478E-5,5.774586576913646E-4,3.5653093077506567E-4,4.444688718862227E-4,1.1747928920577275E-4,3.54538353954404E-4,2.4359387117072292E-4,2.015130473192409E-4,0.1796847150628623,4.256350099362802E-5,6.91855415197861E-5,4.3715363064178415E-4,0.0015106672068224255,0.032261276884503066,0.12375469242578352,0.028289064622525426,2.635327734548819E-4,7.34967456901208E-4,0.05861907995732151,5.128339361686442E-4,7.064845530139876E-4
USA-PIT-PIT,0.22714370403035605,0.013710686287576709,0.03201792456325944,0.015535239340897867,0.045610684954545115,0.005946072897603174,0.013550734926771424,0.08701474875081416,0.012166407830193888,0.019486144557727632,0.07354654639079186,0.012646619438138046,0.023953512379981893,0.009361871900036763,0.06454425935980261,0.057839627405516285,0.040337001981188066,2.5528492710645307E-4,1.0184005100812835E-4,0.032629510874281245,0.015396306514538632,0.02763559243974461,3.41782692803135E-4,0.008932837459596226,2.9683778511544216E-4,0.04239801352127277,0.0031462878379787665,0.11327435911566364,0.001070467016195161,1.0909276949451454E-4
USA-HOU-HOU,3.382940876632009E-5,0.19780632367900028,0.36923201818849266,1.1001077071053799E-4,5.250967973096716E-4,0.0014185362196189428,1.714428371496678E-4,8.463815859646757E-5,4.344249464308576E-5,9.332702547508521E-5,8.893854432501247E-5,1.2647153260258784E-4,4.7952012842855435E-4,0.002049746904106559,1.0867399973123671E-4,9.413670179922305E-5,0.06077899946645747,8.183229698081696E-4,0.24197397197884288,0.0705194387726436,3.3095055049715485E-4,9.29026996345144E-5,2.679509610792592E-4,1.455063685107212E-4,0.032618053902588894,8.239564842019018E-5,1.3890706213724196E-4,6.253129049986626E-5,0.019621448185334765,8.246675278959451E-5
USA-KIE-KIL,4.0149884898639255E-4,2.597536930810659E-4,0.04490828537507677,6.155935059029522E-5,0.1614498051029241,1.4765230102489746E-4,0.1209193397363028,4.937309713661551E-4,2.9555654462921145E-4,2.7097656695999683E-4,0.18798024557604318,4.526037463454529E-4,1.7765924382964334E-4,1.7382553672404548E-4,0.15851671240356752,1.530160648490921E-4,1.8646322796122544E-4,0.0035861519132463103,1.420151192823422E-4,0.056034906436183446,3.660944310940089E-4,0.23231161405182127,0.02884378088188935,1.1757647932870986E-4,1.4574386767243427E-4,1.4897320526146776E-4,8.832988543554634E-5,2.419720750764216E-4,0.0010406518616809498,8.350550176584356E-5
USA-LAX-IRV,0.0010213688218958048,1.2259839293303037E-4,0.1990361463264489,0.2271031158417106,0.002196267777824273,3.382850051922534E-4,0.2231965839835592,2.5837716583503907E-4,0.013033977517066581,0.005983756400393287,0.0010184277296300414,6.296565842892478E-4,0.059471938157481335,6.264876041185558E-4,2.3146679404700208E-4,5.862817978796285E-4,0.12396945672841067,8.347465510436458E-5,0.001561177195263464,0.0013219602202215394,0.024978184264736716,3.5462229095752296E-4,2.0603567946304982E-4,1.1759957266676825E-4,1.0808085795978076E-4,0.03310981156660881,0.07691565837218238,0.0020079198996192284,3.2835078781070105E-4,8.293200868972523E-5
USA-WIK-WIC,7.103181463186529E-4,0.09487427053116101,0.055879084879156236,0.05844185552754861,2.4138646478083189E-4,1.8945088434772162E-4,0.4566698621278209,-7.97195060449079E-5,3.117817405176146E-4,4.074294425630952E-5,6.611527381662187E-5,4.7152300210872303E-4,2.3996650039713823E-4,6.056602422306584E-5,0.0034022936582854633,-1.1481403874706394E-4,-5.381044851465213E-5,9.921437837220087E-5,2.5465868158789176E-4,-1.638717250697614E-4,0.13690684999017996,0.175746886908909,0.01002827484219704,-8.262468644050149E-5,0.0016082714692282234,0.0042042491215231815,1.7668292928763065E-4,-2.377435079780842E-5,-1.1616079627687736E-4,1.0469525867849956E-5
USA-SAT-SAT,1.2068026307395948E-4,4.472797999195991E-5,9.273106382850615E-5,6.737827066090115E-5,1.9864931078194246E-4,4.8793443256673226E-5,1.8563908463581672E-4,0.2534042196553494,7.840700488570898E-5,5.335648164114575E-5,1.2627381879313387E-4,7.232750251947041E-4,8.451220251169995E-5,0.06882875043716136,1.6218842497606268E-4,0.5889711949120309,4.503450802349167E-5,6.759466142373793E-5,0.036631320239764086,0.012673668870591098,9.627864451414327E-5,1.7318801351716654E-4,1.4032690284694632E-4,1.275115603798462E-4,6.200256932997542E-5,4.333618451544278E-5,0.0205902684743235,1.5114129189528944E-4,1.7484442448608903E-4,0.01583270627561538
USA-DET-ANN,0.6799245020895824,2.9376744120491706E-4,0.0018881710087257,2.655872733782021E-4,2.264471378497831E-4,1.7575585606035546E-4,2.8923963068084923E-4,4.1719796042435404E-4,0.001345749466971882,3.181275146111344E-4,7.174755635561645E-5,2.1717440686758955E-4,1.3130407639744892E-4,2.1851831239143367E-4,7.582803223799161E-4,5.548596937291414E-4,6.243478587999748E-5,3.581402894156366E-4,4.677434130787546E-4,8.379816600211335E-4,3.5131674369407945E-5,0.0032238859355831987,1.7595678058951065E-4,3.0425414349833296E-4,2.064995963575193E-5,2.242663067396689E-4,1.5267090922525793E-5,0.30594247010687176,0.0011436262717727927,9.176183401080802E-5
USA-SAC-SAC,2.857106908990864E-4,1.7169115742934345E-4,2.542845153460156E-4,9.16969455797205E-5,1.7435918163112284E-4,4.2100230437873224E-5,2.87562521190644E-4,5.718039626716512E-5,1.2737675205512587E-4,4.14271687816206E-5,1.400342088640224E-4,0.03230114374497935,6.801452053404302E-5,0.26870847518154606,3.4632996491254416E-4,5.4392903917311136E-5,0.06345248328647715,2.4802963483043565E-4,2.4045427998343707E-4,3.921304949886364E-5,0.07849333724163067,0.30744130599662184,7.3723768915174E-5,0.05980120721610981,0.04851200366382814,0.13787829980833066,3.473568912488548E-5,4.977618733814134E-4,9.420950894619228E-5,4.1454897950317055E-5
USA-PHI-PHI,0.25086425322247524,4.797018403523453E-5,-4.690625025440803E-5,-7.259393472402389E-5,1.3266546193180134E-4,7.955015693751834E-4,2.306499038702507E-4,-1.761230020812866E-4,0.6358152167783647,6.804126297077462E-4,-2.7487700610314867E-4,6.97788404674674E-7,0.0032430532038073005,-7.867695322224455E-5,0.00672686791928866,1.5903613912200884E-5,0.0016664826187586675,-6.632469765389086E-6,-4.3102013836870907E-4,-4.197340837399404E-4,0.007117296013399443,5.218041042882562E-4,0.09346674137905632,8.907590408225525E-5,-4.747372231334518E-4,1.5112876062477055E-4,2.4153032545302898E-6,4.070850197260796E-4,9.989797800340005E-7,5.08070324922169E-6
USA-COO-COL,0.5059912886665185,7.874569930879664E-5,2.858654041957495E-4,1.1392422906600262E-4,8.520832777817636E-5,5.984846561715754E-5,0.20317518059554748,4.754094196848911E-5,2.1702953815129386E-4,3.0551349940541015E-5,9.50007330147176E-5,1.4367549604678447E-4,8.269261662645201E-5,0.19791259779945955,0.04283209244164702,7.03715611677714E-5,1.1737590087551341E-4,6.326473458802704E-5,1.2572772714847407E-4,3.898023836693002E-5,3.0205152147882395E-4,1.6897990592152932E-4,0.04692533938720349,6.415776145022E-5,7.824427105988643E-5,6.468018338610946E-4,3.6945774021053915E-5,5.2291759313215255E-5,1.2832146733414462E-4,2.99038513230372E-5
USA-CLE-AKR,0.1510947066640043,2.70313088027206E-4,2.958721621142849E-4,2.9728623270344794E-4,0.4786949761278285,3.45064978677405E-4,0.10132538049722012,2.8996578349511465E-4,3.0558463069317414E-4,1.9480203007734564E-4,5.963557976609203E-5,2.740039570124214E-4,5.618189298944069E-4,1.681973843271156E-4,0.21918480898530138,1.496981352342956E-4,1.7033556142848725E-4,9.600066644639096E-5,0.02722932844038997,5.330053814012464E-4,3.0644735833874105E-5,0.017214520021303997,1.4304917914613463E-5,4.757698213650947E-5,2.318128267254064E-4,5.870367765954153E-4,3.0509860717271784E-5,1.779441911464279E-4,2.7397736423395777E-5,9.746673516020634E-5
USA-SHB-SHW,1.3768941728416664E-4,2.2859429818079325E-4,0.7970079442462231,7.23288107541326E-4,9.135376393720084E-4,9.490750085417875E-5,0.1774747339499396,9.582736491532516E-4,2.680443606609273E-5,1.798867201835426E-4,9.142790342008658E-4,1.3973349229972883E-4,1.763561689874003E-4,3.771061164454441E-4,2.0106341704670928E-4,3.0801249152841945E-4,1.0767624254509644E-4,0.0029194550221752612,0.003030356850069999,2.7248659435510914E-4,8.802377193174157E-5,0.001169532571513535,3.8230911576173077E-4,9.507784900900066E-5,7.49211872837711E-4,7.585828753277891E-5,2.5556306934788794E-5,7.403800360923648E-5,2.209844851655796E-4,0.010927222341251727
USA-FRS-COR,0.26118802806750224,-1.489199509286671E-4,0.0015453320256626861,-1.8951395157129988E-4,-1.6006817421057186E-4,-3.1116250417493317E-4,2.57101682039126E-5,-1.6130035993728228E-4,1.4784293236229362E-4,0.01612935533019722,-7.037480944873588E-5,5.0480958804570696E-5,-1.2165791518424453E-4,-8.173079837777981E-5,9.641420026500475E-5,-8.408520178925674E-5,-2.0480555947515323E-4,-6.512740343548848E-5,1.0861955309133082E-5,-9.42379072198923E-5,-3.088350923114762E-5,-1.57916361228716E-5,-5.49146466433936E-5,-4.620341507424227E-5,0.7224508038889506,4.7428374062334237E-4,-9.255145425233902E-5,-7.91985312037029E-5,-2.2678027128575603E-5,-8.390751247136667E-5
USA-MIN-ANK,9.919064628949022E-5,0.5550617930324819,3.552439725640793E-5,1.8516104111987312E-4,0.0010639390576549662,4.8098737463662646E-4,2.3846103800356398E-4,2.043180395599021E-4,1.0816798261572728E-4,0.4329027711630623,0.002371525409774994,4.580573378578204E-5,0.0016385545469053647,4.950610362447714E-4,1.307401039297517E-4,1.1232848063033817E-4,2.5764654867276244E-4,3.0588104979615714E-4,0.0014656299477249044,6.75308387748143E-4,1.3442973344901036E-4,9.058930395440517E-5,9.967547535753618E-5,4.5413585480339104E-5,1.857671270403403E-4,3.439308851416567E-5,4.043577561298529E-4,7.18609941649916E-4,3.1040307907174996E-4,9.756589145938441E-5
USA-PHI-GIB,8.926593842250701E-4,2.2244515888676365E-5,4.654411682512397E-5,1.965445660362135E-5,3.918777024203283E-5,2.525566628752313E-4,1.8792676398447452E-4,1.2516925925213702E-4,4.1344036453276243E-4,1.0069802323395219E-4,8.254588830761378E-5,1.3070722722957574E-4,2.5141076292874466E-5,5.471927970523267E-5,4.4864357236635145E-4,2.742394016500947E-5,7.168807950805426E-5,0.9961636047985435,8.221629283714665E-5,2.4646917298057534E-5,3.6764904595492414E-5,3.074760277389904E-4,1.518161248433056E-5,3.3009147508245787E-5,9.099983690964136E-5,6.189424182728358E-5,3.89998590530968E-5,5.5948666660562664E-5,9.385370652683332E-5,5.4453606779128606E-5
USA-CRS-CHS,0.2302764265433502,6.540233445206451E-5,7.080200115108374E-5,0.030896117771859737,6.334443642760941E-4,1.521167843695784E-4,4.7271978520547825E-4,0.4350752256103341,0.03805529666107243,0.031131512821730024,1.4191359314830423E-4,6.164054043876881E-4,1.634616672663154E-4,9.859351550984485E-5,0.15829974523635196,3.990488910832784E-4,8.622939016407461E-4,4.950360150879796E-4,1.871476018554202E-4,8.576502119281165E-4,2.3131231364771542E-4,7.56200644154198E-4,1.101785501933803E-4,0.06884932861124003,7.163790536474368E-5,2.482797938889896E-4,3.2291547491708585E-5,2.1921026944120384E-4,5.075240786357184E-4,2.3675569881744912E-5
USA-DOT-DOT,0.03623454602572713,4.029473340363449E-6,0.05860843533102355,-1.3652182889040354E-6,-1.1650797917503472E-5,1.1419410181402807E-4,4.653924480841804E-5,-8.634881748984464E-5,1.226375680403897E-4,0.026511051011308,-3.381428254933827E-6,-0.0011947643982054025,1.0746870466053633E-5,1.052354050060726E-5,4.282505313433583E-4,-4.947823730816719E-6,1.820217255545077E-5,5.081372506871224E-5,4.7060541667540173E-7,1.3082840471672861E-6,-1.9253269137589704E-6,0.04957489242025995,1.425924932593099E-5,3.204921211754268E-4,5.4494605511245884E-5,2.2676293251406378E-5,-3.1726205045321317E-6,2.1621938513441114E-6,0.8291417235071266,1.510755534392485E-5
USA-MYR-MYR,5.801101890770207E-5,9.280840888838703E-6,7.720929434691708E-5,4.006002496399756E-5,2.73364160737174E-5,2.436081136349977E-5,5.4756699387595745E-5,1.2349816431491157E-4,7.526540194264446E-5,3.0412417947161837E-5,5.2370639362669E-4,0.05062086067907616,4.151027228032129E-5,8.049962930096396E-5,1.7971831467870325E-5,1.838794377120232E-4,3.815208196376469E-5,3.3412284817239843E-4,3.971342881019648E-5,4.529102502035166E-4,0.03499180409733434,7.931263379263376E-5,1.5187003629681502E-4,2.2113172854232364E-4,2.2429935693228631E-4,1.5815354728674975E-5,0.9106858897491339,4.386651040155366E-5,5.192332238247158E-4,2.1325936626192296E-4
USA-TUC-TUC,0.14896227135382062,1.2872932657069573E-4,2.165440909294216E-4,2.1266114184577235E-4,8.89719139767404E-5,0.06573370242862793,2.45629734925376E-4,0.09239837938812374,2.6205873353021554E-4,0.06708050903412364,0.4582971262606299,0.11322341889049052,8.798318794877064E-5,1.0085060542569272E-4,0.004205480755767719,3.972482963237254E-4,5.475437589242758E-4,9.880137917822512E-5,1.8750086529097868E-4,0.046013168945779816,8.398459619307282E-5,1.8531271051761586E-4,1.7895419651963931E-4,5.7659977174518715E-5,5.9304272538457636E-5,1.0559741460717155E-4,6.807454330547858E-4,3.9666374778724144E-5,4.7389654359150954E-5,7.280527802347376E-5
USA-NYM-RSN,1.6254479821444516E-5,3.927431879067633E-5,8.465817284072895E-5,4.459716555647082E-5,0.028620882576484624,0.0014123315759251068,1.8610109609004945E-4,4.792573879803825E-4,2.2509517561319798E-5,0.4692983936751299,2.477962364730126E-4,2.971894424222752E-4,1.1398743165700817E-4,1.234348546963059E-4,1.5700954093641938E-4,4.473195336117654E-4,0.001684426988143619,7.772315092339522E-4,0.09476781439381281,0.08550694046401812,2.537956619511347E-4,4.9968573642457395E-5,0.04057220623066823,3.139908061771731E-4,0.11640162597603895,1.8476326714035848E-5,1.9671484900703404E-4,0.0010231735703244047,1.1394302673482562E-4,0.1567286946175558
USA-NYM-FAN,0.002624547712077007,-1.16790269277653E-4,-5.030076410250452E-5,-7.287612519382091E-5,-6.199992633181612E-5,2.6758534019190474E-4,2.8957601722391353E-4,-3.7528907216822476E-5,0.11044557614676992,-8.307885673270463E-5,-6.283228402850822E-5,3.641435275462616E-5,-5.999028668549898E-5,-1.81246921049388E-5,5.541244319591433E-4,-8.71794291143936E-5,-7.062523228244814E-5,-7.793725039975479E-5,-6.169916776632914E-5,-6.499365757312465E-5,-5.9283549517309045E-5,6.215640393912659E-4,-2.271216854405499E-5,-5.152671065031114E-5,0.8865195605140461,3.860143216418657E-5,-1.0754506266664481E-4,-9.490130898477901E-5,-7.801171270342851E-5,-5.7612624701205035E-5
USA-PHI-MEF,8.926593842250701E-4,2.2244515888676365E-5,4.654411682512397E-5,1.965445660362135E-5,3.918777024203283E-5,2.525566628752313E-4,1.8792676398447452E-4,1.2516925925213702E-4,4.1344036453276243E-4,1.0069802323395219E-4,8.254588830761378E-5,1.3070722722957574E-4,2.5141076292874466E-5,5.471927970523267E-5,4.4864357236635145E-4,2.742394016500947E-5,7.168807950805426E-5,0.9961636047985435,8.221629283714665E-5,2.4646917298057534E-5,3.6764904595492414E-5,3.074760277389904E-4,1.518161248433056E-5,3.3009147508245787E-5,9.099983690964136E-5,6.189424182728358E-5,3.89998590530968E-5,5.5948666660562664E-5,9.385370652683332E-5,5.4453606779128606E-5
USA-STL-SAL,0.004053275313179264,8.140283196592167E-5,3.318953798084739E-4,6.149871545905844E-5,6.176796256365607E-5,4.8286238576239623E-4,0.3548504633484369,9.146762457709097E-4,0.16382506993920845,3.5482069753778827E-4,1.6223663298961513E-4,2.1526558687102605E-4,4.019301221126391E-4,3.110679742474103E-4,0.35355243656358937,4.162410015763066E-4,7.750975074721698E-5,1.1945705880777829E-4,0.002159075605305198,1.247343883959336E-4,1.0938241315793558E-4,0.00428985240609985,1.2833349012957018E-4,4.384811417184388E-5,3.0637230388341996E-4,0.012528109358156196,3.425170034029478E-4,5.41307689475526E-4,5.064752374453536E-5,0.09910194219344295
USA-PAN-PAF,0.002379253587407534,1.426536017915838E-4,9.944737719441063E-5,5.987440987402794E-5,5.546897399461925E-4,3.14897240585364E-4,2.4168078042023587E-4,0.0010264363533442993,0.36971844970661905,7.553675041508358E-5,7.275342752939629E-4,2.2635649539776267E-4,1.3281586197790325E-4,1.1624400103845775E-4,7.97685712820419E-4,4.440493180871431E-4,2.320224282057623E-4,3.082342539211054E-4,1.9609213565964642E-4,0.5078061278143153,7.367779450523407E-4,9.244506905225555E-4,1.924372945236804E-5,2.9642612336310816E-4,1.2240902019323543E-4,1.190970268040094E-4,0.11025883628376248,1.363430235194626E-4,0.0015238315321366553,2.625027808782414E-4
USA-OKL-WAN,0.004145116831326104,-3.06657546261005E-5,1.553091432510803E-4,6.436504832885433E-5,-1.6866753154049646E-4,3.741868931142174E-4,-4.366517599946579E-5,-1.6451293337584974E-4,0.001280771712613551,-8.714696861054817E-5,-2.4091186809435756E-4,0.9949441284558387,-8.486270653742473E-5,2.669844199110445E-4,9.265576455267458E-4,-4.3246435306034036E-5,-1.4335749279368728E-4,-1.2684025140928475E-4,-2.6487284999179795E-6,-1.2179245733192979E-4,-1.4994768776616024E-5,1.2516350406828214E-4,-2.4116316550638263E-4,-1.9671440326899837E-4,-9.7019366202782E-5,-1.6215284149375653E-4,-8.038593380177553E-5,5.848013028500576E-5,-1.5144386683240563E-4,-1.3887113425564042E-4
USA-LAX-NWE,4.906486879947123E-5,0.19533765827022395,0.5122531043795397,9.152506011262674E-5,2.450797839928256E-4,1.5807902424175005E-5,5.453104631229506E-5,4.4920397233802536E-5,1.2710653015047528E-5,4.662980487556822E-5,5.0450254395403194E-5,6.942307446362955E-5,1.0236396965946283E-4,3.470729409776224E-5,2.9539223666208892E-5,4.8336347586566455E-5,2.3432523466147782E-4,5.464965798143446E-5,1.708023185392666E-4,2.201651226372457E-5,4.6751382008127666E-5,3.090655722982906E-5,4.822505077393879E-5,0.2905752662290217,1.0993164005146986E-4,3.381866720886703E-5,2.8068538305610905E-5,7.973883603146705E-5,5.4936752700040457E-5,2.4710292824634805E-5
USA-OCA-OCA,0.0036158609766777754,8.171649711948037E-5,8.132117106940959E-5,1.608163783903196E-5,3.8288135475478475E-5,2.2980405716425706E-4,1.444400365519666E-4,8.982525201508305E-5,0.001021627700974787,2.4338514417912083E-5,8.774143466992455E-5,1.1893996815279968E-4,2.2211734532062783E-5,3.565906112688896E-5,0.001532586933196485,2.6833550029750176E-5,4.415742389107457E-5,4.720146003737622E-5,2.242693894234871E-5,2.8623206473917245E-5,9.21889359481559E-5,7.85169143963623E-4,0.536182922236334,8.326237000491152E-5,3.217440874298752E-5,0.4553471530246105,4.3301374727772525E-5,5.064019841488091E-5,4.247705552519549E-5,3.1025561370175926E-5
USA-WIM-WIM,0.002636589765011789,2.6404840157416985E-5,0.0012688246023723209,3.1882912857946437E-4,1.7640915807579538E-4,0.12457956792432763,4.2941649535332434E-4,3.6814110020187327E-4,0.0031544005709461128,0.0034918377147524693,2.340569432778886E-4,0.2258437716192833,4.977536902295532E-6,8.299726255139523E-5,0.018396252930040602,1.2767509578229036E-4,4.948528055799841E-4,1.369235258039753E-4,2.8432741570602274E-4,6.337545463869446E-4,5.295555930843694E-6,0.1551968403569328,9.495397526148222E-4,9.193857416610878E-5,3.2292022919751934E-4,0.4603883569160724,1.5421694425493085E-4,7.118038370232612E-5,1.2295312806916796E-4,6.747177966101839E-6
USA-OKL-OKL,4.1079701950622575E-4,0.09807792564739268,7.192732367436145E-5,1.8320893420216108E-4,1.8504435703910942E-4,1.3613064776812615E-4,0.00532121017891591,0.05899421605941355,1.8662973567649016E-4,0.0244041241363712,0.0473590603532703,0.06707895869422706,0.14985242529354514,2.703181757613763E-4,3.7333670384587735E-4,0.0021409875418041736,1.1402816811322652E-4,0.0031711353845258667,0.24552523737428986,0.10988533012314206,7.114534744511138E-4,5.115031463830924E-5,9.11486399805438E-5,0.002655067792145724,0.05579772777589383,1.5419184285452972E-5,0.02119023944774971,0.10497549721895971,1.221613564472161E-4,6.481029429635924E-4
USA-ROF-ROF,0.0057152919769452555,5.3427099350336235E-5,6.64868842646729E-5,4.2816994372284336E-4,0.356708574487411,0.12789136586580968,0.2040667146495734,6.737851214764263E-4,0.0011025530200061942,3.258557969235835E-5,3.6879305046559336E-4,4.225159134925045E-4,9.19118671399712E-5,9.728978809042304E-5,0.0014916861319567874,3.021718428494247E-4,5.251242315037543E-4,2.874288959061778E-4,8.754904205063516E-5,3.3840824716758675E-4,0.0011205386151089765,0.002022981421348066,0.032253338419622905,1.7873727232076345E-4,3.89052812151715E-4,1.6433889452457308E-4,2.010530673125221E-4,0.2627299558321938,1.281532930517231E-4,6.001673348979197E-5
USA-MOD-MOD,3.337195614695008E-6,7.994171072550179E-4,1.2078848084325433E-4,7.711713155794327E-4,4.490266812363752E-5,2.825791156058572E-5,8.478373358355861E-4,1.3815465323561255E-4,5.47106409247333E-5,0.008124815277139938,7.479748471723245E-4,1.5492334281502854E-4,0.0026007000103803295,5.7508946264303655E-5,4.547376024780368E-5,8.13014118540097E-4,2.322414321346806E-5,1.8121233324658007E-5,0.8454589111952664,3.26436244123043E-4,8.454495877097338E-5,1.970975189342924E-4,9.525883426109152E-6,0.13561619949632406,0.002380758149506105,7.133941693731972E-6,1.7997610672305955E-4,1.499896808739365E-4,9.366577036292596E-5,1.0142806592494357E-4
USA-ALN-ALB,0.011581584691979842,7.971869997754187E-5,1.3999877141123934E-4,1.2492919643279765E-4,2.3447576378866214E-4,1.4631455316813517E-4,2.993173267708679E-4,1.7184543310508568E-4,0.2626719083711975,2.0251704687318443E-5,4.361555151618886E-4,0.05195432583982136,3.8553866769630894E-4,0.5842455591101846,3.786950121660537E-4,3.919063029655757E-5,9.847097223332371E-5,3.200111298849375E-4,2.201033818536487E-5,1.7926887541269846E-5,2.7204024212725692E-5,3.804792859729446E-4,1.0688750290106341E-4,0.0839049246751766,4.1755048587760154E-5,6.173510178642091E-4,6.388295060174887E-5,6.215865090504338E-4,7.631977060353401E-4,1.0450266390665387E-4
USA-SYR-SYR,0.15663425542801612,0.09522087344093971,9.039529869727012E-5,5.974761351774293E-4,2.5180339295690756E-4,3.251746863196507E-4,7.301433252144802E-4,0.11400878824110088,1.8446017750136393E-4,0.17267974959831392,3.01748576601989E-4,5.959706000048442E-4,0.14042096807232504,0.006143400061572888,0.10852606866314239,1.0815797928287853E-4,-2.9096311797592323E-4,7.315759131479931E-4,4.6997528438210985E-4,0.05034202302860425,5.1475766946396275E-5,0.0967744027888832,1.5628076403046012E-4,1.253092170192907E-4,2.0618123962129248E-4,1.5216910698600267E-4,0.020373855997594677,0.03348917146424059,2.2004813312769168E-4,3.7906073622395725E-4
USA-LEK-LEX,0.0657378276027335,7.431141437134648E-4,5.936349981862119E-5,2.048804221341626E-5,8.054175381265834E-4,0.046685123976523864,6.220318185993713E-4,4.535958571477593E-4,0.017092518917006742,5.0646485509979296E-5,4.106918167450498E-4,4.3341584283456184E-4,0.31622572454316267,3.0823793402785565E-4,0.360153827186939,6.183912796722059E-4,2.558902694588043E-4,0.1511502770218353,2.4058979632814943E-4,2.0180549752505246E-4,9.448344086324552E-5,0.007240712746754792,1.3064083601411933E-5,1.5274038195925995E-5,2.850003668489929E-4,3.206741411938592E-4,0.027241008836394947,2.2554158506535364E-4,4.6096734353078895E-4,0.0018342943476286544
USA-NEO-NEW,0.04202678765907623,1.551274685597493E-4,6.129949646992813E-5,1.2435404514247892E-4,1.6058857284979806E-4,3.3871031284632674E-4,0.001449980334421389,0.6792312165806013,0.024146408157451758,3.4168280231744425E-4,3.9506910451968675E-4,0.20440400603900513,1.8161602930740834E-4,5.602139224890392E-4,7.73366209402081E-4,3.892940744328401E-4,1.8424134606809887E-4,3.9352992596422266E-4,1.391403071577876E-4,3.0049512344158157E-5,0.0010380236375409832,0.03823967975877017,3.301169180941207E-5,8.421836982211988E-4,0.0018212471010609203,4.689109471115463E-4,2.791238999793267E-4,2.262166231806792E-4,0.0011077811849791665,4.571395569200632E-4
USA-LUB-LUB,2.6877848694884095E-5,0.2429843505069849,8.374964019417316E-5,5.21334493862819E-4,0.11325262626056445,1.7526826990283927E-4,1.2520858268819955E-4,8.625914232129981E-4,2.430368793196395E-5,0.14833567632993055,0.021729057448505385,7.906397801869537E-5,0.1476928590336404,4.900979267018998E-5,6.713502138537321E-5,2.844758644411245E-4,2.3391057342655162E-4,3.864505247022501E-4,2.663771416618013E-4,1.5893596431951166E-4,0.02444189552957611,8.835321209920425E-5,5.403904139413929E-5,0.03208898304957064,1.8657773952351786E-4,2.4529390186502427E-5,0.17321203382319467,0.0576531083632765,0.034504462294289856,4.0675517014962894E-4
USA-MED-ASH,0.06297542889752347,7.286740399902193E-5,1.8867978194219578E-4,0.04003484285935404,0.0012474751282487066,0.049226213808116794,0.03832720193144391,0.13402671741555283,1.4200013375857446E-4,4.4945218051161936E-4,6.753365427093497E-4,0.10394458092082756,0.031026876922506847,0.15594978731946044,8.41261100217509E-4,0.002525551433946284,0.07339212935115551,1.6695754722053141E-4,0.11315016685534972,0.0204342247787635,1.8445246807710988E-4,0.0012121448783669537,0.002041770323127575,9.68951791755698E-5,0.05782464637250421,0.040542343305520916,0.010352384511794474,0.05866177791854555,1.0030011476684029E-4,1.8553261551225382E-4
USA-CUO-COL,0.07168746013064825,1.5535713625263107E-4,5.7152298795326E-5,0.417128965860133,3.0190186627689986E-4,7.348295761843182E-5,0.0469206594396759,0.04552444753931865,0.09247813805270516,0.04563670628551782,6.016589451603089E-5,3.8761586405415067E-4,0.00288116934168893,1.6615557662422206E-4,4.777130040166797E-4,0.14244429114032403,9.358352790001372E-5,0.002823039855137548,2.9967819016617084E-4,6.821643475852725E-4,5.410340058078608E-5,0.09560158420233342,1.484659469209217E-5,9.74299858091768E-5,5.464417965494829E-4,0.0022175813768091153,0.02848564497399106,2.2855838971630156E-4,0.001471136528472311,0.0010028244420914774
USA-HAP-HAR,0.04234810444862393,8.227483324350467E-4,9.717474674800119E-4,3.287340341725676E-4,2.6414614254961636E-4,4.333641844245985E-4,0.3602669137539608,0.0010037504726589075,0.0010002407879945736,7.626552031739478E-4,0.07612824577613807,2.3283362157677386E-4,2.588165034480892E-4,5.947842973428154E-4,0.21040083344931756,1.5804906741592072E-4,0.17442038900682594,3.839828443927127E-4,1.1558915667871419E-4,6.300558927870345E-5,1.4060061330683407E-5,0.001127026351505654,9.934395466081886E-5,0.08090907935538827,0.04580678687476857,1.2903625199600364E-4,7.206705942399508E-5,2.720090267514764E-4,4.879670983851665E-4,1.236898258997663E-4
USA-NAS-NAS,0.17212349664520993,1.1603419947988544E-4,1.406747185741488E-4,2.3038558877295462E-4,1.0889062030136099E-4,9.764997606579797E-5,1.602398210855578E-4,0.1154819842816555,2.0295618840439895E-4,0.09393591987735422,1.2401371038788938E-4,4.693081031732987E-4,0.04886278920839759,0.07305278983550899,6.13551893204614E-4,0.006037246309453361,2.6751761693934834E-4,1.822315862760456E-4,0.029153864231801673,0.09370746203167109,4.2645879918817255E-5,0.19162339013348714,5.40431450052373E-5,4.3932138622266395E-5,6.062114268486296E-5,5.59926553575437E-5,0.17015091838111446,7.301927565031208E-5,6.883397890480503E-4,0.002138091015393748
USA-FOW-FOR,0.275652963559422,5.322252584532314E-4,3.218649584375187E-5,7.52755679388964E-4,5.353538158795553E-4,3.7062686829023055E-4,5.992623321665107E-4,3.172348136821622E-4,0.0024586903772520425,2.8348363400641346E-4,0.0017863050749610475,0.28118998607594126,7.856251607877143E-5,2.663624932454883E-4,0.05808174069330727,5.741680904859584E-4,3.6767455134423736E-5,1.6106232041437156E-4,9.331322911245639E-5,6.166059856839224E-4,8.584592251037529E-6,0.314231443019807,1.9472669937175324E-5,1.7508606165344014E-4,6.813113531503284E-4,0.05784376369061353,1.2928184726427379E-5,0.0022331336183161973,2.2902177080285447E-4,1.4559826999205574E-4
USA-BOI-BOI,0.0018650453123133254,1.5365569294500104E-4,8.801851448321568E-5,0.07480951769284878,1.9961712868773584E-4,6.118921102479121E-4,4.868512805279618E-4,5.232279974697574E-4,5.39538219922907E-4,3.5752842282010827E-4,0.1913864586028933,5.95711092939756E-4,8.611155713740589E-5,2.1047634902232186E-4,0.5034263843803108,1.6403629724497278E-4,0.11264223224199418,4.306350080695507E-4,4.2691559056255485E-4,1.1241804779944347E-4,0.0014321996162512706,0.0017258351432525405,1.284537997610738E-4,7.406501642143629E-5,1.697051147790878E-4,0.005667330976662449,8.932335983499393E-5,0.10113762555023169,3.478114351591376E-4,1.11378447405401E-4
USA-LAS-LAS,0.01402047982756521,3.3271044850454324E-4,0.13218150933023243,5.388757598972278E-5,0.3287173949863166,0.030799452875361854,0.0398601456864894,4.6078807260355734E-4,0.14602340329773975,6.229807356546345E-4,1.220996976484319E-4,0.09666959622524958,1.3248531172525528E-4,1.1557973655658112E-4,0.06659488644704718,2.5946992908046357E-4,0.0034119004698359785,0.0307156208144506,4.4993759617503146E-4,5.8165321784647664E-5,0.05751327162186372,3.6727475187203605E-4,0.03253553037027144,2.2034492598357628E-4,0.004132800184733978,1.3391498349305472E-4,1.5750941007796463E-4,1.4058707274986336E-4,2.2861087422993638E-4,0.012967661418712927
USA-HUS-DEC,0.6882275504014879,9.49810573304413E-6,2.4865920800715255E-4,7.664375939102164E-4,9.812932154924184E-4,3.884324820994823E-4,4.4327581303992637E-4,3.3468348766860836E-4,0.001543114060662811,9.601487132865127E-5,3.6793998373749285E-4,9.142393115788506E-4,2.2324069227487067E-5,5.431034882505973E-4,9.529214065641754E-4,3.885054224729901E-4,7.947129715305207E-5,6.075817911711385E-4,1.3468948440032333E-4,9.225641827069603E-5,4.311388259359984E-5,7.14923513364321E-4,1.501035715920058E-4,0.002222551448222084,1.6802575361332724E-5,0.0015679345029334683,9.49713735683866E-6,0.003936853493542594,0.29418988565854365,6.342304233339102E-6
USA-AUT-AUS,0.0356235761369961,-1.9803750568085904E-5,4.275076982663555E-4,9.237067600063537E-6,1.0138830577922795E-5,0.003852840986693229,8.58576575792122E-4,2.5421560868191666E-6,8.31933868361627E-5,-2.12288875579124E-5,-1.1703247530491077E-5,-3.148374571178878E-5,-4.066810278326784E-6,-2.6577922549485137E-6,0.007595669407233045,-8.197308962933958E-6,8.9103069699502E-6,1.5632146437543105E-7,-1.132213192910361E-5,0.004426949806293971,-9.449886115627935E-6,2.5465825029647676E-5,-1.4810110202571122E-5,-1.692331574538033E-5,0.09867611397309314,2.2311451757337607E-5,0.8485251392000728,-3.1525813940773957E-6,-8.016324639168676E-6,1.448676212724637E-5
USA-TOL-TOL,0.27369141727347407,6.9024867447311535E-6,3.439739252477222E-4,4.871841550370932E-4,1.990230077525008E-4,0.0052025607110429755,0.00410860636098083,4.574242413512015E-4,0.0021276662188883487,8.853951639858242E-6,4.306243239886972E-5,0.1429177322010572,3.01581016651053E-4,4.491898389430829E-4,0.15083233614082278,1.0957412538650099E-4,1.4859716363306891E-4,2.333060678881102E-4,5.889495415805863E-6,2.5448577855641214E-4,0.11896085528778971,0.001284873456375958,0.2954064326841525,3.0412762010535764E-4,5.508002064602509E-5,5.170120616081294E-4,5.000685509091023E-4,7.496600248334232E-5,2.4251742976738537E-4,7.247002932501734E-4
USA-FOC-FOR,0.00456917575362639,3.2858574463075685E-4,1.5332863608675292E-4,2.2690834976590326E-4,1.9365293929020892E-4,0.2573888220505101,2.486581788075536E-4,9.336129923568552E-5,0.0013764585411362672,1.935124595454871E-4,2.216630971997406E-5,4.3221351072702575E-4,0.06692668859677202,4.7908166959123436E-5,0.13076448745797237,2.5029030016865124E-4,0.3051059931835669,1.8881065212778404E-4,0.1393316162459529,1.183681159962697E-5,0.0012333425710777913,3.0485087272640743E-4,0.06658463898463994,1.1622544771036446E-4,1.7185306554955756E-5,2.418524748137696E-4,0.0024852073214395843,9.709681792002389E-5,8.103248703658152E-5,0.020984092527878948
USA-BIN-END,2.0047200457018657E-6,6.690355504996174E-4,2.5348199457170735E-5,7.468813946217714E-4,1.3332396338702174E-4,0.06885830275998227,1.8461005893862348E-5,8.14829070840972E-5,9.217211778118715E-6,6.28409089342501E-5,1.704371252664815E-4,9.907739177922423E-5,5.274825822456749E-4,3.6379073083898293E-4,1.2575564353514712E-5,0.23856022142559208,1.1576530614005097E-4,2.137039467374376E-4,0.00511665135407753,2.8371785043803784E-5,0.6814011729441897,1.1455570164053718E-5,5.131713236240978E-4,1.391213442613711E-5,1.490145843947073E-4,5.622103450154647E-6,6.28113942800678E-4,0.001133835814056789,2.2574685811635494E-4,1.0297889101875025E-4
USA-LOU-LOU,2.552759330659198E-4,0.0011542742182509289,0.0016905393318393709,0.001820722795488013,0.1912596310038839,3.0942989650807726E-4,0.127764497983288,0.20386253062214016,1.487838633011772E-4,0.0038104503237616455,1.0294967582573062E-4,1.9336683869160016E-4,0.0035126711619645713,0.0028658270044047193,5.104594717646552E-4,0.06242876430135265,0.0015624967396331013,0.13214265392190774,0.04941732622751024,0.0010096188235401082,4.0203294633647585E-4,0.11359324096635509,2.324391569773124E-5,0.02029015740488149,0.07499988893464514,1.1581276167389339E-4,3.4727056351815586E-4,0.003080740594163515,0.0011677104379338,1.57631336672201E-4
USA-BUF-BUF,2.1215371141959083E-4,0.3163142174857916,3.7208813538808233E-4,4.309085712685779E-5,2.6268742898867764E-4,2.467083114101118E-4,0.28399165215339567,0.002109764045143203,5.086330555366769E-4,1.4805402141355995E-4,3.9601902575489215E-4,1.2776025513778995E-4,8.975001354783618E-5,0.09454059129112123,9.929880462501543E-4,7.236085752263182E-5,0.10971894494033771,0.0014228972803713232,5.235660635871332E-4,7.076231929385793E-5,8.74339864267453E-5,1.9934772518811816E-4,2.7651545251291274E-4,4.9935586293190296E-5,0.07000386786384655,0.11549381432979262,6.197471581816954E-6,0.0014350703812386375,2.7193344818526345E-4,1.1194456396016133E-5
USA-GAI-GAI,0.23928980327378904,1.3364545370617316E-4,8.394260627100895E-5,1.8294427667300185E-4,1.6536851029706244E-4,4.921626208856879E-4,3.997349453694437E-4,3.287604295015248E-4,0.1785573134284067,4.5600184620946983E-4,7.395965679205808E-4,0.002474075329371468,3.601491538355349E-6,9.00687448969185E-4,0.001401652191489128,1.376155317701243E-4,1.967750017685885E-4,2.4296134338925074E-4,3.7429227634385897E-6,6.399928166277583E-6,5.710489098132656E-4,0.0010716890873635986,0.33305702117314245,5.6359038392292546E-5,0.23523163286257937,0.0021735062266853332,1.5386983814537258E-4,0.0014483539833718467,2.521749040990398E-5,1.4516241841261316E-5
USA-CLE-CLE,0.24879930493083266,5.110679836201849E-5,1.5552573343477998E-4,2.714692756898899E-4,1.264750642924975E-4,1.1303250394909041E-4,7.873961440482506E-4,0.05893787050046494,5.416996137696322E-4,1.8482699114530645E-4,0.0023780088314774004,5.247951948460334E-4,3.8142136505918075E-4,1.4359997236036874E-4,4.930559446708095E-4,0.0011859846720228173,1.6083602922839957E-4,3.782197981386021E-4,1.2706711612891662E-4,0.3136189187797353,2.8573789056211957E-6,3.3238840491354397E-4,6.145633415836355E-6,6.147390536467448E-5,2.2491338125651663E-5,1.8353326971658475E-4,3.0295734764017486E-4,9.58721640667893E-5,1.6251119799392873E-5,0.36961541417839494
USA-FAN-FAY,0.21412551907418653,-3.976812268912461E-6,-6.661645324528858E-7,8.427777508301449E-6,4.601943926303023E-5,1.3657161965789327E-4,0.00338413727125288,-3.4954704004778306E-5,3.1197217927803213E-4,-3.239722083950142E-5,-2.4943276540608685E-5,9.234254582533139E-5,6.443346270286936E-5,7.438169303097904E-7,-1.2282690049473288E-4,2.002209202794941E-5,7.325135317516182E-4,6.711003622416143E-6,0.09596864494000701,-1.0367220166748838E-5,2.1291212344981612E-4,4.255359687018871E-4,0.6844111859869171,1.0854221533956545E-5,1.4382186745346814E-5,1.516895750156697E-4,3.1475182849614735E-5,4.368916101530683E-5,5.347052556276778E-7,2.9814433349599114E-5
USA-TYL-TYL,0.0025188412436740926,0.0833882879056398,8.346358368175746E-5,1.0292443286909282E-4,3.69297678056419E-5,8.601792557525138E-4,8.964546987908106E-4,0.0766737884630671,0.0031342527733137057,1.1969955486484712E-4,3.9842647802071936E-5,7.786348424569988E-5,1.2470121105585398E-4,5.238208517617223E-5,0.002452989408414125,4.6180264672526654E-5,0.05067217803528,2.3868250898841274E-4,0.19503227583278016,9.246390010493617E-5,6.618640860868154E-5,0.5823825728622436,5.4417003176141944E-5,4.7831136766332664E-5,6.320618030499358E-5,5.263872291092452E-4,5.951633188849093E-5,3.0476962490519337E-5,3.7927087691088756E-5,8.709773974179017E-5
USA-AUG-AUG,1.525620293034529E-5,5.105680316442352E-4,2.025657027011633E-4,7.715867991963927E-6,2.687223715560792E-5,8.814612035384528E-6,1.1215859261404935E-4,9.196977657182655E-5,1.0737912014200469E-5,1.9371558138657144E-4,2.5763937760287317E-4,2.0323841049762466E-5,0.9975844007317545,5.329916326333783E-5,5.213337623923873E-5,8.533967938682402E-5,1.4890419671425778E-5,5.7813222927072205E-5,6.530494372267859E-5,8.015510060847565E-5,1.1794708967270425E-5,1.9463041171409526E-5,2.167417450522845E-5,6.139606075699683E-5,1.8417618169012216E-4,3.569072812084178E-5,1.3051038398657896E-5,1.2289222632665323E-4,4.4992312380427303E-5,3.319515441102748E-5
USA-AL-BIR,0.14784215283533006,7.084857678991012E-4,2.0039993792631295E-4,3.523161553087258E-4,0.22754902192223728,2.2528392549355875E-4,3.833866576002892E-4,0.027984146712414677,9.23748918342985E-4,0.1943730153639061,8.298513135099255E-5,0.0016014279232009344,2.0695107819154325E-4,2.0927172013793726E-4,0.001477568457312841,1.50357423423252E-4,7.093995542262244E-4,5.587016439970154E-4,2.0751391832072742E-4,5.648756799636837E-5,1.676560867483439E-4,0.27335277167898775,5.615904098467967E-4,0.06848645358353922,1.591944840775198E-4,0.05036930206579467,1.173433487465666E-4,6.194624447332192E-4,3.143148425683115E-4,4.928844034051297E-5
USA-RON-ROC,0.002497328763764703,2.825440739876528E-7,2.8654362345482523E-7,1.2792434954476518E-5,1.2183440290835837E-6,2.8205845622521875E-4,4.0361666938332777E-4,1.0163432418575128E-4,0.0014109053215268683,-2.2867154580328392E-5,1.4030355467760402E-5,2.5456244426537525E-4,1.0205854579793983E-4,1.6583356662089741E-4,0.9929268969146172,-1.2381452714498273E-4,-5.475845577909958E-5,1.1946885900986891E-4,4.7571740344633386E-4,3.4052488679207595E-6,1.4317454042174843E-4,0.001555190487826614,8.628373710954583E-7,5.219024756833447E-6,4.233105804197089E-6,3.002838437166189E-4,-2.6142514755036236E-4,-1.5317662424070287E-4,-3.704711270513215E-7,-1.6464819933495795E-4
