USA-STC-STO,7.246701449730962E-4,8.278878113140366E-4,1.3089649725579438E-4,6.611276403890857E-4,1.5866231976272255E-4,3.4379621092768737E-4,0.40175678446080343,2.315885802846688E-4,1.0422624402061032E-4,1.9343939337231367E-4,1.2947606914837125E-4,4.242384100873252E-4,4.5135102247725986E-4,6.183116293433907E-4,0.001472414780361858,7.388302694464754E-4,0.3501853735879083,1.666820060031248E-4,6.500717785105932E-4,2.1226231784186804E-4,9.519589839187047E-4,2.3238328861804305E-4,0.23423863251164528,1.8747881160045281E-4,2.1126781533957158E-4,3.860821804752497E-4,0.0027124838869281034,6.096951182059799E-4,6.500568148627867E-5,2.2292054755031988E-4
USA-BAO-BAO,4.594662910323653E-5,1.1677053044347523E-4,2.2534492276602742E-4,0.012642293045689316,0.03405731345430549,5.291229120029805E-5,2.98720136032726E-4,0.001394374474297992,8.444030292251757E-5,0.04346999114416109,6.353677359632167E-4,6.377646587737799E-4,1.592415629919596E-4,1.3539249701383167E-4,1.1874634225583449E-4,1.5653195474485477E-4,5.441157251263827E-5,0.09753148517045082,2.4057554194670722E-4,0.13385812529842772,2.3791205451331547E-4,2.7247506681909E-4,0.04999220310378449,1.7542764758589452E-4,6.542870880440766E-5,2.423580461445346E-4,0.029808925302545648,0.5123997757476739,1.0553563746610102E-4,0.08078420941865906
USA-LAX-SNP,1.5216711960282384E-5,2.541914793051974E-5,1.72249043273019E-5,1.7371101979904614E-4,1.2847266062329787E-4,-2.1315641120595095E-5,1.0744419251902223E-4,6.957330640782907E-6,1.812501972483524E-4,2.4770025221079076E-5,6.084579847673794E-4,-6.06588576616251E-4,2.249425741319672E-4,3.266485541904503E-5,2.505852691021692E-6,1.7350525683799193E-5,0.36473885789715843,8.530777872716921E-6,1.7383926835840873E-5,0.006346267158004,3.448318840973873E-4,7.223880411796706E-5,1.4128509316198564E-4,0.40027936955718213,0.21222022226822757,1.2472868288543845E-5,0.014712189096092673,2.884783704656609E-5,2.7061681974076702E-5,1.119573847141393E-4
USA-RCV-RIC,5.536412458075145E-4,0.01961980454645353,0.019018170204045642,5.272041978134885E-5,0.808392512718675,6.099556910410016E-5,1.569694508586273E-4,4.8826573939996464E-5,8.023459781667541E-5,4.169108496203319E-5,1.2069277074945245E-4,7.494615758491223E-5,1.4666118522421807E-4,4.428470719664429E-5,2.8128224458110256E-5,0.09892631992941299,7.09307216819189E-4,1.662098487086919E-4,4.256307644915787E-5,9.177293220902472E-5,2.0995277354374722E-4,5.740703398680485E-5,2.685834517524408E-4,2.0083422019786333E-4,4.965445306850745E-5,0.044625312530806135,0.0016324389820858796,0.004278458424159762,1.7742602650594228E-4,1.234796436364586E-4
USA-BOS-NOK,3.2748524546092646E-4,0.0011192521053958637,4.1793263661384065E-5,0.002359476694614832,4.0913053481598345E-4,1.1988717293709687E-4,0.0014783021226598592,2.690670538007553E-4,1.8523197332241662E-4,2.6000699411423284E-4,1.913033327889842E-4,2.941500000060502E-4,0.019709619942343933,0.3067598571122656,1.0677082721600458E-4,2.73133987812502E-4,0.16068629729346584,7.62442176100615E-5,7.181398538048856E-5,7.572820528646573E-4,0.19692579270120383,2.121906506423355E-4,0.08469060951441176,0.0011085553166563262,0.013551557848733659,1.6445477975329123E-4,0.20623736342941826,2.838557350088534E-4,7.906192948403671E-4,5.388948167939529E-4
USA-GAF-GRN,2.1213480823680734E-4,2.9190035420499036E-4,1.32755412200781E-4,0.3317791139486456,6.251832003360042E-4,2.9683749588399076E-4,2.83233989491712E-4,0.002196699070776987,0.24388179805662422,2.3883650275371073E-4,0.0013789815878636734,0.2438841330973435,0.0964728389771731,9.361858582811848E-4,3.515458989573131E-4,4.3924295250406695E-4,0.003333998976441569,1.5173532138087028E-5,2.5265843372383956E-4,7.797698979362416E-4,4.603760165445217E-4,0.061798395200484364,0.0015107511909898566,2.2618204609802208E-4,0.0033123240891249745,4.995032068057311E-4,0.001513584580767592,6.315578626386788E-4,2.6278276843927405E-4,0.0020015209865895745
USA-EUG-EUG,-4.02551371489526E-6,-5.638993402761221E-6,-1.966293253673471E-6,-9.138754819301984E-7,-4.114987241033044E-6,-6.062135961108382E-6,-3.4384708244930153E-7,-3.6174901163370825E-6,-4.001894873151958E-6,-6.383242986661968E-6,-3.3846105540778234E-6,1.0001072534544981,-4.248592478642281E-6,-4.340360460764076E-6,-5.198821507380445E-6,-4.441247529930609E-6,-9.321702413439791E-7,-4.888322310312615E-6,-6.074872397583308E-6,-4.358255705010121E-6,-4.044920186870961E-6,-2.7214635873288875E-6,5.115523438668665E-7,-2.9079197224782872E-6,-5.509928679848224E-6,-4.590966710960246E-6,3.819635875784573E-7,-4.598539091502908E-6,-3.0182422707694434E-6,-5.819462880323967E-6
USA-DEC-DEC,0.5119431193868791,2.963285605983891E-4,1.8692227092006902E-4,8.409907656304435E-4,4.4282390325906884E-4,5.339288307393015E-4,2.951334261714205E-4,8.260330103746559E-4,1.2573945375525492E-4,6.562008551929138E-4,1.7943523517351007E-4,1.6433922605395537E-4,0.0015110650482176528,0.32866926680475356,0.001221535269622925,0.0020176718543446956,8.83593782170001E-4,1.9893712870240208E-4,0.001445843414054827,9.70202462857871E-5,6.614083409982948E-4,3.526195004933163E-4,6.70046006092488E-4,2.548569693990234E-4,2.0528752855473062E-4,3.268843570305057E-4,2.9053066513624713E-4,2.0719044901056053E-4,3.1418227921210936E-4,0.1441810654311725
USA-DEN-DEN,0.032606612528895705,0.1051204480733515,3.304220849604255E-4,7.543896681897855E-5,1.2520990553619856E-4,1.327612523965767E-4,0.049404715047915874,4.611443944674326E-5,0.006005630713684659,0.03464820007818769,2.9711753017935246E-5,1.4987558878227792E-4,0.054797519472237495,8.133292863020031E-5,5.6046967050966776E-5,6.981299120544888E-5,0.0810689154980282,1.0800255261214174E-4,8.40459507096393E-5,3.8596910122821505E-4,1.377457124931988E-4,2.849482580188814E-4,0.0027236913183533995,0.030007764325873557,0.018573127824882876,3.946386373671788E-5,1.1774343002983237E-4,0.5824514394299852,1.636914407293972E-4,1.7359850120004665E-4
USA-PIT-PIT,0.10747481094796722,5.4988184032716586E-5,4.2813891811643066E-5,0.10619231748896237,0.022977720525732576,0.006478629010387722,1.0535217322415583E-4,4.180737187903667E-4,8.467308688214435E-5,2.2060592904432806E-4,4.2850287811879816E-5,1.3455132387051746E-4,4.6006295434399523E-4,0.03027983808922834,9.006573216191202E-4,4.655853477781158E-4,2.1035872407051165E-4,5.210480214457284E-5,0.0053452847895413755,2.0838605695452133E-4,6.692677202856724E-4,7.673880935657744E-4,1.0424634553713255E-4,0.08985955684335135,0.0011801845198127683,3.6316328198410915E-5,0.3724045090158662,0.10156155573756148,0.004386220745840119,0.146881089995783
USA-IDO-IND,0.06348199957343957,2.5051034765803894E-6,-8.413221604647088E-6,-5.520206909162643E-6,1.9020727534941604E-5,1.954237921986952E-5,-7.340091763750696E-6,7.205506199542819E-5,0.05135477577288436,-2.026998241768823E-4,-8.568569104791314E-6,0.129462317815046,-7.041826138985366E-6,-1.922371223555998E-5,8.878922572092794E-6,-1.4236500689490667E-5,-1.392957480886394E-4,1.54395751816728E-5,-7.833162043468465E-6,-4.1751284961329944E-7,-4.556985568531482E-6,-8.811022755302616E-6,0.7545550673706232,-1.4369232593497406E-4,3.24339874449517E-5,2.9012242379978138E-5,-3.071773469205883E-5,0.0015744814049345158,-1.522216199641725E-5,-3.9393301811212085E-6
USA-CLS-COL,8.257608756536774E-4,7.321032877096741E-5,1.1066205027153022E-4,2.986349735716554E-4,1.894369858080379E-4,1.0426916162514137E-4,2.1808862982919893E-4,6.452954195322677E-5,1.0747437679880531E-4,1.848478401587258E-4,9.236535679757858E-5,7.567661879345727E-5,0.08086868575428766,1.5992612009661225E-4,3.031972931059581E-4,6.217679744047038E-5,0.1847664472399739,7.100593394584746E-5,1.9421266917894563E-4,1.2299415443255024E-4,0.0011371691247625446,0.662162624207709,0.0660692485485768,5.982806016525447E-4,1.2498249177844614E-4,6.836351319588323E-5,4.878945595008877E-4,1.1172881814677864E-4,2.4465772548106315E-4,1.0144770670205788E-4
USA-PHI-GIB,1.4441050617380045E-4,0.07337549288504873,0.0017530033162015805,0.4906888319070035,4.9290823625927406E-5,7.551237719621811E-5,0.0629411667852179,8.517333019982636E-5,5.207020180116488E-5,7.637102288662229E-5,4.986503181710928E-5,0.002624656874050604,1.5666274679483546E-4,1.3323229166838001E-4,7.512913365955102E-5,0.07977823078619799,1.2213847322281696E-4,5.226476453456645E-4,1.5529959128072663E-4,0.01045628002501383,2.6357820729194266E-4,1.2952660308901355E-4,1.3386195095335392E-4,2.8485671906986046E-4,0.12024823001355486,0.03657193417315026,0.11870359875010054,6.955619351610196E-5,2.4386826983165217E-4,3.552336503579981E-5
USA-SYR-SYR,0.03842636958512397,0.07385741583509015,1.0967971129520293E-4,1.1023522245333368E-4,0.01784144917334138,0.0011457011870818937,5.33435272122612E-4,0.02074648299633255,2.9997930240832345E-4,7.151548971085369E-4,0.023700284699226422,0.020028275925445628,0.09829501370316392,2.53866692169551E-4,0.001028958035972566,0.1967702863209812,0.28716273718685764,2.379212260287217E-4,1.937354402855653E-4,1.004360205100426E-4,2.965159118270872E-4,1.2160946966513165E-4,2.1557775771818385E-4,0.1361154013118499,3.3972243019490063E-4,9.454481573166261E-4,1.887988033037677E-4,0.07976370528973054,1.76806527292489E-4,2.7899590810232617E-4
USA-PHX-PHO,0.04482679211388252,1.0240131747228747E-4,1.3522081460681548E-4,0.04524916186335014,0.005950164953377524,0.0012037069777828266,1.2726723687713797E-4,1.1021324175108806E-4,0.20406946552817676,2.157167551486288E-4,8.093005657999374E-5,1.667047674633192E-4,2.271087060055966E-4,0.1419723371534102,7.391961587426971E-5,2.6735948045787704E-4,0.10045116999950396,3.730473798762406E-4,0.05206622919097566,2.2202231689293206E-4,1.0284420122411894E-4,0.03692673319506096,1.0676783415666273E-4,0.24480431406713743,0.011838923597253193,0.0026398503035757266,0.0025027455863884467,0.04577812590916412,2.588283585753882E-4,0.05714992747799805
USA-WAS-BAT,0.014168503322823128,2.773906679720973E-4,0.029891790008893353,0.027713564991205846,0.06281365233410077,0.027089954107080164,0.2132382756358761,0.05832150396834677,3.694639039528921E-4,0.043308529668361184,0.0011147279762647245,0.04004440960895518,4.167494487588591E-4,1.767898748514247E-4,0.0029652930262725912,5.175844707895794E-5,9.894276819450145E-5,6.602294965161251E-5,8.873378610060066E-5,2.6170913848115395E-4,0.05135230432401305,6.037872094100256E-5,0.02461874204762039,1.2465405074307267E-4,0.01137245749131302,0.28410093347385645,0.08022104333536063,0.02416138425821562,1.203769818784175E-4,0.0013899596828363422
USA-CHS-CHA,4.640084093248076E-5,6.68704718444035E-5,2.432331087288217E-4,5.68869196610577E-5,6.231595225486771E-5,5.976724505011038E-5,5.595112070393147E-5,8.908828367725828E-5,2.4449478408582737E-5,6.561447828287741E-5,4.5612315727324076E-5,7.149728042858554E-5,5.646471856131033E-5,5.0718762273713814E-5,2.8808040126674908E-5,4.8843416422642516E-5,6.63660484709373E-5,2.329611637468333E-5,4.580134786415606E-5,5.089080645952713E-5,8.829973331241153E-5,5.468103405295388E-5,1.051701352473204E-4,3.662298475864701E-5,3.965876071886565E-5,2.426325766562981E-5,0.9982275165532862,5.409089326583433E-5,6.913408859864886E-5,4.168580683940884E-5
USA-ORL-ORL,0.07527175562818038,6.397538237836481E-5,3.1268634125788655E-5,0.16857492022969522,1.0930013851876169E-4,1.1333197454813923E-4,1.592518075213781E-4,5.663183309632531E-4,0.06494129388247977,1.393159067621433E-4,0.02897053270760919,7.923339973769693E-4,3.6001316158313924E-4,1.7005405767673036E-4,6.28803561018677E-5,2.1902596610832284E-4,0.14659783495045772,9.763774081533915E-5,3.7193849872885855E-4,1.5833179909059358E-4,0.0017335602124472146,1.7246184371191996E-4,4.7854486672567297E-4,0.004816030007503405,9.510731192753135E-5,9.260168126000944E-5,0.5044370948363285,2.0549566729610312E-4,5.598154534906933E-5,1.418068767286822E-4
USA-LIN-LIN,3.136108957451508E-4,1.5170885751410537E-4,6.868587651337612E-4,0.0017215482728160768,0.0016477209389366928,1.4115250190951595E-4,0.15107414777220513,9.251149195748333E-5,5.735344098863438E-4,1.611179476095459E-4,0.036421754578005,0.06692356995144627,2.018053063300031E-4,5.067683178740041E-4,3.0654978817249036E-4,1.266013490447925E-4,0.03705539100969576,1.4105032439200123E-4,4.007181163199293E-4,1.2716884705344926E-4,2.1994377143199842E-4,1.8568557804439183E-4,3.206928609828244E-4,0.18275309008598842,0.06426664408663936,0.003862195999262494,0.18781729697334162,1.401851551688051E-4,0.16792674742386945,0.09373222862322314
USA-ELP-ELP,1.132669611950149E-4,3.750772343595841E-5,6.857335968283843E-5,1.4333019424605403E-4,1.3887906742156338E-4,1.570136270742285E-4,1.0282432269894041E-4,1.5942217444127262E-4,7.577747295710698E-5,3.2052964949376395E-4,2.046346241716105E-4,1.4995893926715402E-4,3.3920857602336884E-5,2.9764531704580375E-4,2.3820041349293288E-5,1.1538838661982028E-4,0.9938586981428833,4.6508846137055416E-5,5.612001717823458E-5,3.316569937775299E-5,9.315095231604884E-4,6.634930121095865E-5,1.9191033271315263E-4,4.76813211217637E-4,5.768775550559564E-5,1.146153615024742E-4,3.851520614350888E-4,0.0015105559789192363,7.039619088844734E-5,5.8024859167758347E-5
USA-FAA-FAY,1.0073292511455732E-4,4.748141213313768E-5,3.2541253681706716E-5,1.1189117070251314E-4,7.834639319244267E-5,6.575270020035154E-4,1.1024497019553408E-4,6.794436934334791E-5,1.5438512296386147E-4,8.217858257848643E-5,6.0673613183430253E-5,4.52364779641135E-5,6.328040839754808E-5,9.875619683387876E-5,0.9363742359946553,1.0124237838255178E-4,0.047321886664041225,2.7900210331614183E-5,7.84080809163475E-5,4.088755805594602E-5,7.871841660243441E-5,0.013179862344086916,1.616765440032814E-4,2.2626832977954895E-4,9.314071419514888E-5,5.1001981651052764E-5,3.376391451852488E-4,8.660263912241822E-5,4.926038576869368E-5,8.004871493405504E-5
USA-HON-WAP,0.028129481788004933,1.5878898282296856E-4,8.852880930748757E-5,0.012075529921176428,8.029681153740099E-5,1.2693598693021776E-4,0.015510141141510093,1.5617318307515628E-4,7.125393483984002E-5,6.0599637420312774E-5,1.2577357290005238E-4,4.18558386032905E-5,1.1503810474230457E-4,3.907125014358033E-5,0.012743725336106067,0.12993689075381654,0.015782331115322346,0.011751176341982287,7.056409670543066E-4,0.009108527072421747,8.579188941132647E-5,7.196078465615066E-5,0.7279085017574043,0.03345420584912928,5.638459427192507E-4,3.2911749556904694E-5,5.17836785025847E-4,4.4909612784525994E-4,6.112246931085224E-5,4.6966095223382514E-5
USA-KAN-KAN,0.13775054231961253,0.004241710448413708,0.02115618284454431,0.023625397728022877,0.06914866762569986,1.3093819030901387E-4,0.006942287585497909,0.03571367295528194,0.03234429358789818,0.0768035791056319,0.016479380299867213,0.008369625721419189,0.04199958198644271,0.03939335896748255,0.015534102721094673,0.002271560724743283,4.8493895556218154E-4,0.0557770851860391,0.033246190897923196,0.029717816316360585,0.04985886329624047,0.03785084409326643,1.26494372395538E-4,0.05905977926024139,0.022242936807668593,0.030554004497040824,1.937148241932177E-4,0.0020246770986456935,0.10567423000009081,0.04128354158237
USA-SAE-SAL,0.04715498290642115,1.3496757184458E-4,0.0050915570517708455,1.468563647923913E-4,0.14718833541659335,5.959308214129253E-5,1.488912122331183E-4,3.979891331205428E-5,0.0015595067520775394,0.1494041617720455,3.741467941969156E-5,0.008492316121367997,9.199540581580444E-5,0.026654193157859937,3.756859586365147E-5,8.762468268779181E-5,0.1735056522157417,0.18812260037993164,0.04554513664443007,2.801204208083849E-4,9.160114005198541E-4,1.087947726622188E-4,1.909788139018184E-4,8.483471967561208E-5,0.1266329886996007,0.004419551463799014,2.865290298530235E-4,1.9532078731622732E-4,0.0012298902295768382,0.07215182673593654
USA-GES-AND,0.046540765944916594,2.3491936512894245E-4,2.884471646225994E-4,5.450678052112801E-4,1.7580203914329434E-4,2.4524904366645756E-4,0.3580816158948349,5.919977514642843E-4,1.7394433945037453E-4,9.276967084821597E-5,4.901956048625831E-4,1.414552101906669E-4,1.2676199376784465E-4,0.001003399537006425,7.565380645460155E-5,6.070683279387723E-4,0.1323572071672491,1.161113752263379E-4,2.7295860918883735E-4,0.04557709044606253,9.537548228900649E-4,0.20219893523817145,4.972465888064353E-4,3.095772675005825E-4,1.6642560267842124E-4,0.0011179478783825793,0.1349372323732613,0.071810241153305,7.934214471527126E-5,1.9081583305445611E-4
USA-AUG-AUG,2.2566811485847738E-4,1.617390785006872E-4,8.1832960702479E-5,7.340064788554113E-4,0.0012140667680546394,3.8724869815511453E-4,0.001153318227381969,1.6697793425448772E-4,3.682336473079748E-4,3.390107550036367E-4,8.897409374157627E-4,3.0989539780190847E-4,1.6124876465145786E-4,7.298982271947775E-4,0.07138688720334892,5.204046279239401E-4,0.5958053594387837,3.9722141426256437E-4,2.1442281043116472E-4,3.5603544775827164E-4,5.660601074813938E-4,4.621836951499784E-4,0.0011147619269526554,0.004442729088695376,3.006718772385805E-4,3.1104084624330953E-4,0.002874941868720448,1.9217114076653283E-4,2.8919832985406356E-4,0.3138430241862504
USA-TPA-TAM,-2.1129166245516363E-5,-4.675282581257096E-5,1.707216903389972E-5,1.115559089996344,-5.076160845319946E-4,7.629046833206766E-4,-1.500944990646666E-4,-1.6940394205358447E-5,-2.2609258424687037E-4,-0.057765777780497934,-2.4400372448055792E-4,0.012744912750281995,7.169988374604736E-4,3.4579183659880864E-5,-0.06326235170526534,-0.00952946387186348,-1.3190760686455913E-4,-4.486813122325562E-5,-3.833623646673142E-5,9.28388106618653E-6,-1.3155996509624301E-5,-1.1707891953486629E-6,2.61004525732419E-4,-1.7502285285996212E-4,-1.3582785936805892E-6,-2.2321369587396927E-5,-5.512789880943433E-5,-9.452304682319162E-5,-4.6177391952063926E-5,0.0022883462081996955
USA-VIR-SUF,7.237881333935026E-5,4.86411388211173E-5,2.569057571174336E-5,2.2969721485394194E-4,0.04976859243118063,0.5347123530112906,1.333010195863904E-4,1.0116159074692065E-4,0.028417565619807,1.3966271139035605E-4,5.198461953541168E-5,0.08073500415283495,0.03929231222473525,1.5311085956497115E-4,8.234211556460236E-4,1.4165191449974073E-4,0.025268801817857067,2.1805859160185987E-5,3.635198270672089E-4,5.120548035571317E-5,1.8446945625897284E-4,1.5236571851209683E-4,0.1483411404360402,0.08918273142405932,1.821539444169851E-4,7.920060804540764E-5,5.199284155645216E-4,1.2041838915476643E-4,1.499755000248116E-4,5.357540699382908E-4
USA-COL-COL,1.8662243419579507E-4,2.0517554345270296E-4,1.086353603205005E-4,2.3119809469883585E-4,2.1627042149066918E-4,2.777561887167815E-4,1.1073860723162875E-4,3.8618419811209246E-4,4.6551676783035615E-5,0.22042659565042916,1.14005994097082E-4,2.3050936444001446E-4,1.8664030855530928E-4,0.05664993272143574,1.7478668387554757E-4,0.1017207486483874,3.6708310930104476E-4,2.230759935530922E-4,4.3875777805563166E-4,3.976736418844002E-4,4.742961784949143E-4,1.4503554449998743E-4,6.935656124805574E-4,1.6167602856796543E-4,0.08172463159787548,1.3989161610126325E-4,0.4915344952175334,1.3067760827360422E-4,1.479044877739148E-4,0.04214888368938245
USA-DOT-DOT,5.393999159669921E-5,6.146057859773844E-5,6.008178572154162E-5,1.0087816915177967E-4,5.815998390266818E-5,6.8433812595687E-5,7.841114924296913E-5,2.8493352832616558E-5,5.4275510607875464E-5,5.11060112686005E-5,0.9982321400436261,5.5232286600846444E-5,5.3592226386334596E-5,6.304699462925535E-5,4.396018082318908E-5,4.856372400115302E-5,1.3488889635281077E-4,3.349807742277286E-5,4.735271637091961E-5,3.133625286902188E-5,8.328404218296338E-5,7.515757224487753E-5,8.456097344407692E-5,6.536807209896597E-5,3.3604515043773424E-5,4.2701714627321454E-5,1.2014490284598415E-4,4.9843298248038486E-5,3.6173488838722215E-5,5.030967582480432E-5
USA-SAR-SAR,0.017508909710794402,1.509688738217179E-4,1.2530354360273187E-4,1.6320717158132143E-4,0.020299326525089104,0.29991027614234816,0.12510154635932408,1.0713773028904685E-4,0.0030768535174267434,0.058750194308771986,0.025558132444775075,0.025667580950589013,8.588865685866364E-4,4.2574976749711047E-4,0.018674352064144736,5.398154391325511E-4,0.0011587724144142466,1.0160117438490007E-4,8.779177399133584E-4,7.582463125611788E-4,0.03683319487988256,0.007243337291658074,0.05553140985206299,0.07696774340725544,4.675986498523824E-4,6.471017340934797E-5,0.22147431741980048,6.752268233635576E-4,7.121478501536619E-4,2.1553489351352597E-4
USA-RAL-WAK,8.560505692984573E-5,7.536905237465326E-5,6.70206510230352E-5,6.147123348803038E-5,9.665356972218757E-5,0.11296531423411828,0.036726072607034844,4.825335758915364E-5,2.5722575836118025E-4,8.166546174396624E-4,0.021759231251404627,7.49117267179939E-5,3.913008353740182E-4,9.110427021991547E-5,0.015732075949594894,4.7016587102003126E-4,0.1061590866562289,1.257585624639115E-4,6.457278901519775E-5,0.05206880618087634,2.0581237094819676E-4,0.32026050706581366,1.831600396437945E-4,1.7876315954288874E-4,0.08932302648336081,1.843223490140717E-4,0.24096776525521907,8.662751016652911E-5,7.008793632802616E-5,4.0327359896609824E-4
USA-SAV-HIN,0.2758727117416973,3.478863482138869E-4,9.192000444132679E-4,4.893340093640788E-4,2.1419717088981395E-4,1.249526138378936E-4,7.631363899612035E-4,3.2404186747984025E-4,1.7245450698997206E-4,3.8488497625632735E-4,0.007265408066531112,2.2307918588038768E-4,7.499777603104026E-4,0.002783621662264875,1.490558767414069E-4,4.085881311796413E-4,3.161329175144532E-4,0.4448453807517653,3.076459182036731E-4,2.6186641046139467E-4,7.193309125150882E-4,3.0844392201617303E-4,0.0027386174595498912,2.3131534089656066E-4,2.2326831124164185E-4,2.3567879720128655E-4,0.2369115118198425,0.019142997530645956,1.8024128642011206E-4,0.0023850382697146967
USA-SAB-SAB,0.0886462463258658,0.0014220257430074177,0.016753670634060944,2.176994918855592E-4,0.05813393552973129,2.7096095172208135E-4,0.1126364487606221,0.012774937014345079,2.441821294409869E-4,0.012582509861655938,1.5993161928441684E-4,4.8107728876823486E-4,0.056284039273394565,7.839572639932862E-5,6.839008872650547E-4,1.764893810229837E-4,5.458080504855802E-4,0.2008847380525863,6.08845304099471E-4,1.6035940603741558E-4,2.3401191451295148E-4,0.1851483091362327,0.0014609392858182836,1.7852690690554752E-4,0.05659580278906264,0.06832964739796166,1.5273841200776387E-4,0.08651451271544754,0.03663986090797322,9.994491023972035E-4
USA-GRR-GRR,0.031722483329754726,0.010141411212393946,0.010047459823112347,3.13618302972637E-4,1.8235691721164043E-4,2.295312471915138E-4,0.08173579313028399,0.0015470400276954882,0.05256256270760316,0.29746684195390033,0.04916664410360191,4.8094399109503016E-4,5.537408574922695E-4,5.60109023022733E-4,5.769381726104778E-4,1.4778636179355557E-4,4.8726588356317105E-4,1.8419133086873874E-4,0.1368496039459704,4.002564268373968E-4,0.06555763038852394,6.821895944019233E-4,0.001670290934346029,0.04418927047349948,5.817387621763879E-4,4.271310628231947E-4,0.15296946053327862,5.546600955774743E-4,0.0012138169172218108,0.05679723248917563
USA-GSO-GRE,2.521695263354356E-4,1.352401796627618E-4,4.311155536913811E-5,8.426245511375943E-4,9.36552122325858E-5,1.7251600486088852E-4,6.946490371623092E-4,1.4127060838183924E-4,2.9167184875927247E-4,4.507812554810428E-4,0.16500377082316556,0.14559922462019848,2.0084820626785108E-4,1.835140134324759E-4,4.6335666265891555E-5,8.241988715300638E-5,0.6833158388199684,4.2046074925753885E-5,1.1769870332234249E-4,7.418454608773922E-5,1.4296325217588176E-4,5.23938103512531E-5,1.0191485919333985E-4,3.4172860782911724E-4,3.68871714166829E-4,1.7560345670906486E-4,1.3328193413974758E-4,3.171312730530755E-4,1.2820877149441733E-4,4.543311807164936E-4
USA-REN-REN,4.4987935899591246E-5,7.84623413326788E-5,0.01546427769540449,2.905963937954264E-4,0.10636689494300886,0.12728096211007428,6.517209384051753E-5,7.70422324259624E-5,0.0404999312946206,1.402737250629355E-4,0.0940702375545755,0.007535161347972713,0.024682250707135773,1.8754630323326776E-4,1.6358498063633373E-4,0.310976651328661,0.06662884624849155,1.8865393902214598E-4,2.7245657118516776E-4,6.582441491110035E-5,2.1867184322999552E-4,5.438222477787387E-4,1.4277457455742464E-4,0.14381807060456037,0.0036187433413463047,0.0013893494001271647,8.206225639896818E-5,0.05489749355604805,1.5389171759075743E-4,5.530629707241969E-5
USA-MAW-MAD,0.009752229486808164,2.3542698130068527E-4,5.546145382672578E-4,2.0080898532680975E-4,1.9124942097124227E-4,0.030173468934626142,4.2904779731757714E-4,1.392660965539943E-4,0.03777152452564802,8.513468793742475E-5,2.6152772857781863E-4,3.978465679712539E-4,0.27768830974887515,4.807664186796853E-5,8.277992001768783E-5,1.2230357658684016E-4,0.15028343265456162,1.1239867086144505E-4,0.02282414547280001,1.3666854488936347E-4,9.818627717432838E-5,0.09930846677784991,1.1349899011854929E-4,4.2849595817099396E-5,4.2225702950536163E-4,1.3042598891699068E-4,0.30635591199930484,0.061664252520277615,2.2474702862993468E-4,1.49142810638683E-4
USA-LIT-LIR,7.083811943334475E-4,9.383490810999609E-4,8.029415402702769E-5,0.10168122715461478,7.607217171414225E-5,0.08867755001415384,6.081055178812155E-4,4.924060909129015E-4,0.04971603982140973,0.0019097693080054128,0.005315381860365271,0.03351682419309304,0.10649457617373465,0.002005501728854901,1.490592151476055E-4,0.09897749470862564,0.14703913937180446,0.023516041234999896,0.127802720601637,4.930304500865746E-4,4.850530091403539E-4,0.0011795060231326038,0.007696086385717601,0.05871680953263063,0.00398196492822117,0.03817999036981838,0.06280269199966078,0.03307921098437021,9.631403755200592E-5,0.003584408683254614
USA-CIN-CIN,5.7803419123862687E-5,0.06953620121031816,2.9486792093994565E-4,0.025750934582179974,0.0010325912859965346,6.845447540764596E-4,0.052419641441173566,3.154795911567357E-4,2.3604992409741307E-4,0.06022160329448891,6.121329459566579E-4,2.973335002569984E-5,0.08278489295448896,0.24899847784863002,0.0606379225437591,0.20073849183560197,5.687132999139859E-4,0.004044290009853281,0.0010877620205801317,6.563381839438957E-4,0.04595466291928913,2.728232527115554E-4,1.4562086278120784E-4,0.09286170019198835,0.0066084459676036406,1.4813155739199535E-4,0.031343700874705796,0.011561373466550479,1.8084085869767195E-4,2.1422763197503735E-4
USA-HRT-HAR,8.267556925626266E-5,3.306190374197717E-5,2.0831760163613243E-5,8.578156627183027E-5,2.4373275822821856E-5,4.7868720966777825E-5,1.3073872839968522E-4,0.9235775326388604,1.28230593164578E-5,4.094111714345991E-5,8.93867434691945E-6,1.5236588159240872E-5,3.793075359345248E-5,5.543696922085727E-5,1.7718412220799208E-5,2.4393589748374408E-5,2.139820631069581E-4,1.838732959409883E-5,2.3366941662535802E-5,3.5749271001670926E-5,7.462374905299726E-5,4.286690353070182E-5,0.07509584782908724,1.790226359153479E-5,2.400048794432342E-5,2.388566889156122E-5,1.3132954606332278E-4,4.520439862170852E-5,1.57160424310897E-5,2.085417818703646E-5
USA-DEN-BOU,8.074379950433988E-5,3.4286693098349774E-5,1.543505594193226E-5,5.192094112948842E-5,5.927373596453011E-5,1.310640171892489E-4,2.924285620813132E-5,3.6000201799234225E-5,1.417202046024306E-4,3.6934927926361443E-5,3.6448689261513784E-5,3.381090716114232E-5,5.6026455192231E-5,6.552184857384235E-5,1.904959437313579E-5,4.7910278036054656E-5,0.2960013297704737,6.594084532787814E-5,0.7022650732227238,2.935510781047389E-5,5.1859822653601665E-5,5.030591929810479E-5,8.751009675120105E-5,6.139404140662599E-5,1.2969724642912715E-4,9.807719712931995E-5,1.9524377021455503E-4,3.167616708642918E-5,2.3884652731847814E-5,3.326193400146323E-5
USA-CAC-FOF,0.038289298796160096,0.03969867674523262,8.527502254836565E-5,0.024528779368925505,2.660730763975059E-4,0.11461939322060523,0.10366708839668726,0.05117921853541673,0.005502960260965179,0.09811599631604019,2.0197916532477668E-4,2.4192420424215533E-4,0.0023471713109211164,0.029649913376017006,0.07627930935069639,0.0618141417884306,0.1353118668870888,0.001535406218693552,3.7049399733047824E-4,4.3228086380287125E-4,0.0023543990310148314,3.326823714476172E-4,9.075287673940766E-4,0.0430350456403893,4.627218539882984E-4,1.7467661966734418E-4,0.1384937424242014,3.1841459238185265E-4,7.810370900832054E-5,0.02970543808898057
USA-AUT-SAN,3.30653408881238E-4,5.705388927019839E-5,6.93306705040386E-5,7.691961463239687E-5,6.565617873321753E-5,8.41950323449696E-5,6.39984838859699E-5,3.0215448004134063E-5,4.4174572368111336E-5,7.931420891063515E-5,4.8691695424254944E-5,4.3613827007119115E-5,5.0297218625159226E-5,4.791738238869812E-5,4.769001127770367E-5,5.222121378173122E-5,1.13294008072868E-4,2.3658162572162576E-5,5.752357429830121E-5,4.874531391605531E-5,4.829240759442395E-5,8.866447979830283E-5,1.1432308604086604E-4,2.347747599776703E-5,4.2818482988639306E-5,3.445015522159516E-5,9.439126829725813E-5,4.731449367611815E-5,0.9980350006514667,3.610358401941564E-5
USA-BOS-WOR,1.4579831000576234E-4,0.002728585653491201,1.0554277982080803E-4,2.1248956693515605E-4,1.2718053344480923E-4,5.860006706110163E-4,3.2410216412616605E-4,2.0082142977765827E-4,3.5938616038180154E-4,1.4801579245163067E-4,1.3153065387235834E-4,1.5617101262399352E-4,2.327874104525721E-4,1.252812601595554E-4,1.667797776826244E-4,5.090228088048926E-4,4.499662585489692E-4,1.0340207123097702E-4,2.7953532708389374E-4,1.0210574406695836E-4,6.390866418602424E-4,1.4806738473792873E-4,9.770918580220816E-4,1.2318744863471735E-4,7.693096771156366E-5,7.322195646109325E-5,0.9902055448705259,3.4793277119602096E-4,8.46781034235432E-5,1.2975261185418338E-4
USA-TLH-TAL,0.0010552033123318097,0.08900045639849906,1.461424849809645E-4,0.2117061914560121,1.7248233274243154E-4,4.213224171678E-4,0.08175565078936543,3.496798375704685E-4,5.180756563839022E-4,3.065381771584928E-4,2.498103810330985E-4,1.3946310923922058E-4,1.7669588494267907E-4,4.5422849989250704E-4,1.9263915153773653E-4,0.0013134358799714474,0.5778597063928675,4.76136925011668E-4,3.369624123907335E-4,1.9999788424441637E-4,9.792111819680956E-4,6.401285971531762E-4,8.319350968743717E-4,2.049722880267387E-4,2.538347471669483E-4,1.7481013842890204E-4,0.002483495855962284,0.0014315453428784008,0.024877995417958258,0.0012912519502394494
USA-ALL-EAS,3.7641325667814605E-4,1.3118826148337875E-4,0.1851353159984495,0.07223165486505417,0.005842867574507975,0.023919117506505046,0.05506838473326518,0.04923379894519978,0.011610785216542605,3.1366323757876904E-4,0.029311383617535897,6.579239182608364E-4,0.0013552386357885608,0.0706710481377528,1.626768796709863E-4,3.6275724814999747E-4,0.08173641021246614,1.8070479190455767E-4,1.287624728525107E-4,0.00443297754984569,0.036266346617914204,2.2288191976826735E-4,0.08244813483649058,0.02089956148918549,0.08202650408317874,1.43157003763366E-4,0.07229651272723618,0.04313933597462061,0.005609258672928509,0.06408523361542158
USA-MOI-MOB,3.6637712162818607E-4,1.120954844422818E-4,8.154344448819917E-4,6.895996187608453E-5,0.016706684814877745,2.3486991858638484E-4,1.0502357305460034E-4,5.137577641636908E-5,0.01531796996706139,2.5992675797462025E-4,0.9208556865448112,3.913254000600652E-5,2.292429370014784E-4,1.5524171981918058E-4,7.325548589160499E-5,2.2184894936065795E-4,2.0437884445083146E-4,2.060178791406201E-4,6.14645582910702E-5,1.501558538265213E-4,0.0315857695761954,6.135373520421986E-5,1.3779811019965302E-4,4.5591950961498035E-5,5.78411652355612E-5,1.1898567563322684E-4,1.993645693729103E-4,6.107832631883826E-5,0.011385771294658332,1.113024628216607E-4
USA-WAS-PRI,7.364037942129012E-4,1.2485315257233128E-4,1.903855080783827E-4,3.805310045371945E-4,1.9794884139238736E-4,0.8041070713516832,9.886074579513258E-4,9.014139285798662E-5,1.0752581222508431E-4,9.437800652483233E-4,1.596915698932316E-4,0.003970230725060696,1.2261721354137663E-4,4.504652506956611E-4,1.6229239645742323E-4,3.942746754004987E-4,7.43542984836144E-4,4.539078933192479E-5,2.2369523400809336E-4,1.2073609200305425E-4,6.269897832468263E-4,0.14840690120842703,0.001632170757622816,2.4089412749503405E-4,1.1956719222846641E-4,8.549935253150151E-5,0.0010431819203955528,0.03177005184594082,2.176757581584898E-4,0.0015968827419661797
USA-SEA-TAO,5.265311123262577E-5,0.005334296804803199,0.04510428497055992,4.60065965347967E-5,2.7525850698960506E-5,2.1214211541805835E-5,0.0036546840691242997,2.6664422284165542E-5,0.9447794044797708,8.531472344137098E-5,2.1153693606886562E-5,4.6682983428349935E-5,4.605772418218624E-5,3.1797626576490725E-5,2.6585338159643246E-5,3.162382861116679E-5,3.197700065350966E-5,2.5855547996782438E-5,6.303053501733375E-5,5.184150592019788E-5,6.975794540297524E-5,3.445968321282822E-5,3.267977307507896E-5,3.75009762317084E-5,2.6824395823036287E-5,5.5645516076364145E-5,4.1187359743955996E-5,4.389668810955782E-5,9.627648652416251E-5,5.311615165575765E-5
USA-KNO-KNO,0.07595141781825103,1.8435713110522762E-4,-1.537535927425812E-5,0.05561591764733821,2.528041579144726E-4,1.8164822928918027E-4,6.383415923544424E-4,7.532032517120996E-5,6.500222480991483E-4,8.13035916532884E-4,0.033935081612851345,1.873485567228962E-5,9.440106797146829E-5,0.020495650843724685,1.3325327601701074E-4,3.359047460833504E-4,0.523394629802922,7.300317848773626E-5,1.1048408115412457E-4,1.4544735709498823E-4,0.0013094335342620014,2.804626308392674E-4,3.673152681611972E-4,0.05438271976401546,1.6927408097287317E-4,6.91525161767213E-5,0.036991394644133375,8.59650029239256E-4,5.035227473556611E-4,0.19198299425608367
USA-CTN-CHA,0.07670487450453145,1.0004975843823208E-4,6.6742575280628E-5,0.7545670284981589,1.1464290716579118E-4,4.198641476125007E-5,4.1847634792161056E-4,6.698413231305944E-5,0.16440002122549405,9.998618374659768E-5,5.695170423987095E-5,1.9331687898653752E-4,6.130129803876544E-4,7.218162495445973E-5,9.57348257920174E-5,9.790038147418725E-5,1.283883849499777E-4,2.6295128884192454E-5,1.0351261123351101E-4,1.182059771792702E-4,6.831922412351186E-4,2.23286673498644E-4,2.3100953357212272E-4,6.643773632761123E-5,1.2417498851961082E-4,5.928688428011864E-5,2.0988831333625961E-4,9.181061340381252E-5,1.2019328263190244E-4,1.0442668730170289E-4
USA-LAX-IRV,0.07632986530505363,3.958491048211552E-5,0.036601328738137894,1.91181174783385E-4,3.130273368376973E-4,9.52760253997413E-5,5.729952059243803E-5,0.018580285163763033,0.024318314680596538,9.013624424521575E-5,0.024438892705702292,7.011412409358961E-5,1.0016432339357803E-4,7.661886527669589E-5,2.179986233127324E-4,1.0816321625026246E-4,0.021651936416204737,0.005840663296724112,7.532827536884372E-5,0.0016064796025339254,9.285066860635262E-5,4.544750930953432E-5,7.423213927245685E-5,0.011385378462551932,0.6316911144489015,2.8622793618617227E-4,0.12513799363042954,0.020193610629264194,2.494085805334717E-4,4.1077446192299376E-5
USA-FON-BRA,0.21213942492949306,2.87515760185363E-4,3.109768349056414E-4,0.0013038689959609675,4.0721065681215347E-4,6.314424130708382E-4,5.752004887117605E-4,0.04179101962897866,7.247495694215922E-4,0.0420745406093955,0.14244635877401796,0.0011929577787069992,2.857273896296452E-4,0.001088795868736945,7.896766684504539E-5,2.565865877767901E-4,0.0017027265429892615,2.1845719978961844E-4,1.5380283010585314E-4,0.006384961045316339,9.194122617393251E-4,2.068663685682126E-4,4.8365075682567897E-4,0.10025119131035491,4.5205470406517006E-4,0.0625939835500261,0.3778669453664733,0.0021943870483764924,5.467040172485282E-4,4.295130454725147E-4
USA-CHT-CHT,9.167864340954558E-4,0.060666422293235635,0.001117700598314919,0.1060961136154687,4.78107163249085E-4,0.0022802940424140024,9.856107262217007E-4,2.578348953996408E-4,0.2726065582243093,0.03315036034177246,0.002389341665932418,8.683351071244302E-4,4.116790965692925E-4,3.1266472015335127E-4,2.0576224709087712E-4,1.81875780332976E-4,0.4858920884909482,9.615830669571272E-4,0.007712340684475564,0.0027873235240727626,0.001106762170044936,0.00612834912195809,0.0010989944997229864,0.0020947204626371465,1.0388458914179908E-4,4.130261944150747E-4,0.00443558346253194,4.0443319064940587E-4,0.001568221933206359,0.002367241657554389
USA-MIW-MIL,0.0761732132510659,1.1511200563196286E-4,5.5476954731791545E-5,0.0030946303717532438,9.061218288216107E-5,0.003522864601157291,0.6830501038549273,8.346513438672556E-5,0.0011417857623029928,0.008379646432482794,0.002207283223147248,7.062536505353937E-5,2.615240535562237E-4,2.857559327371131E-4,8.369173768864286E-5,8.130417804273003E-4,0.16227448754952997,4.1776943013431666E-5,3.6874616901633357E-4,1.377793159797311E-4,0.03637408548313134,2.70433792488726E-4,6.828708584203E-4,0.019119275093704275,5.3356029440160706E-5,6.588951502133594E-5,8.811264358799443E-4,8.185548620674246E-5,8.220578016029053E-5,1.3727890407522078E-4
USA-BOS-BOT,3.363470974196347E-4,7.288958795788195E-5,4.3511934390549544E-5,0.020807016495772206,5.421902066854354E-5,1.2827575599118834E-4,2.1852686595317223E-4,1.1020554746158516E-4,0.8183333446484413,7.444838910675471E-5,0.026861622826585357,5.065190675092315E-4,2.357766670164097E-4,1.5737745844468935E-4,3.634000897842829E-5,1.6255068972760415E-4,1.9421022871463471E-4,4.02091973691735E-5,1.3884315769458006E-4,2.050947165795449E-4,7.647792166481186E-5,3.595356733076145E-4,9.09406751874628E-5,0.12988783428895928,2.2674053983369515E-4,7.602073105455853E-5,1.0898270760813003E-4,1.3663926090382923E-4,1.2331166741194816E-4,1.9618717228604476E-4
USA-PHI-MEF,0.042477840427329584,0.007302370442389789,5.504843419604969E-5,4.089932212693009E-4,8.566934126274934E-5,0.0949368528934047,0.04543459843257287,5.621583592531875E-5,0.0032197812198422227,8.14774385239239E-5,3.082293584561778E-5,0.017577967345929882,0.01676898961781711,1.223828044944715E-4,5.146902086776151E-5,1.134017202823587E-4,0.013084377488615356,5.353930779051734E-5,5.638201691895973E-5,0.010277610943841322,0.7221007175951183,1.3287147819019874E-4,0.01583996248444024,1.6514329897062945E-4,0.005958117538545201,3.946129167529393E-5,0.0031979999894543583,4.922227166439669E-5,6.864887302178217E-5,2.5206428979967577E-4
USA-DAY-DAY,0.08322570933189166,1.996741997663485E-4,1.0899484793636849E-4,0.09525056982246614,0.0015000980634368266,0.06113186296316052,0.03604566880976579,5.9496893277590854E-5,0.04560585296211683,0.007203126789418999,8.978492639878664E-4,2.595750013724023E-4,0.09333938336481794,0.025690610289869624,0.008549992349607871,0.02889229028477357,0.08318730726136464,8.966528772847805E-4,0.059205956873008905,7.010551119040972E-4,0.03707509712655016,0.027411912373903436,0.05585246209460286,0.004766917618573082,0.029910530100265266,0.0013881595693217461,0.0824752551031128,0.05358128285418157,1.8239515708303727E-4,0.07540426064117729
USA-CUO-DEL,5.922694119370933E-5,9.419634410013263E-5,8.157602200307038E-5,1.283576711200852E-4,2.69551295563608E-4,8.279210144039308E-5,2.544530214059644E-4,5.599838261189993E-5,0.9949986405987219,2.2805415631659722E-4,1.1474600360998211E-4,2.963670698378715E-4,1.2006394820502717E-4,9.155048997934615E-5,1.5857334329533345E-5,6.211344499539132E-5,1.1949238940866445E-4,4.575007843096027E-5,1.0311192118704287E-4,1.0164549090529147E-4,0.0010545760718796945,1.4467274871450846E-4,1.2619888109344002E-4,6.975882508973153E-4,1.4731083246215127E-4,7.515251034841723E-5,1.7127010431104784E-4,9.67913899701474E-5,9.865556058532661E-5,6.423894437167203E-5
USA-PLM-ROC,8.507559391859709E-5,3.387215724513373E-5,4.95427805687179E-5,6.3786496224455E-5,5.914378211581583E-5,6.961962120186372E-5,7.380993182572162E-5,2.8001471623210302E-5,3.385457700437861E-5,4.3611986376361726E-5,5.927777818000886E-5,0.9984940423886896,4.928847845272133E-5,4.2152299250865636E-5,2.6952195289046407E-5,3.457552732724913E-5,9.94090733103362E-5,3.3038315566243544E-5,3.237535230628848E-5,4.696668195372746E-5,4.587201049083494E-5,6.365451529641568E-5,7.997768323622999E-5,4.078687256152553E-5,3.546238335616626E-5,2.656544141496352E-5,1.1407481251496967E-4,4.408982809870851E-5,4.3906499247630124E-5,4.721346535213385E-5
USA-ORL-DAY,3.781502150855871E-5,1.8470740984171863E-4,3.100390889873437E-5,6.988284666746912E-5,2.5469067752587604E-5,6.423663325166955E-5,5.1288454826331295E-5,5.880615283609914E-5,7.670937386117101E-5,6.063549066267483E-5,4.487517963238028E-5,1.7516083021027563E-4,6.846217555972971E-5,7.93765717692106E-5,1.7896721307995554E-5,7.035737765757725E-5,0.9976914565342294,2.589290470856115E-5,3.467140641257581E-5,8.543237821832425E-5,7.753038517792865E-5,1.9036222973289958E-4,6.24795143269519E-5,5.2235033163175436E-5,2.4656536974746596E-4,2.6459830087671575E-5,1.962803482652715E-4,6.935684367727296E-5,7.440393368251585E-5,5.019007232581282E-5
USA-WAS-FRS,2.043051415222019E-5,4.334945219813307E-5,2.3322842856833208E-5,2.049988084501364E-5,2.6343739839345835E-5,2.8531064527986126E-5,2.0841652096572587E-5,0.9993277541922166,1.7271795663979518E-5,2.805826687803678E-5,1.5404320667772758E-5,3.29073270736677E-5,2.6029679842469413E-5,2.4424086440236417E-5,1.195097839098449E-5,1.9671261100416687E-5,2.1374182551738038E-5,2.3530407704277873E-5,1.84187848674904E-5,3.599299092193978E-5,2.8462319233914754E-5,2.3667794860209813E-5,1.952602169803804E-5,1.7270818872507585E-5,2.288721274420265E-5,2.2462712024920414E-5,2.116385334992922E-5,2.2761597806085922E-5,1.8181945559158723E-5,1.750830301563117E-5
USA-NYM-NWV,8.468841787972204E-5,5.648117151947837E-5,6.437235654709094E-5,6.013117705285591E-5,7.764208835096246E-5,0.9897742577829417,5.322142659922117E-5,4.533948508871081E-5,0.003976169855078252,7.633595287533481E-5,0.004350856346780484,5.5128824492765E-5,4.8728393119277255E-5,1.0738422234558248E-4,7.43163402767579E-5,4.9271909853862773E-5,1.362917103017744E-4,9.519866392146055E-5,4.710319746489403E-5,1.3235429424795472E-4,3.126549803295417E-5,2.8395416772164206E-5,1.0884136185070962E-4,6.422128432300055E-5,6.611253064632212E-5,4.038842217708722E-5,6.433971089866537E-5,1.0106886667576149E-4,6.554845650014463E-5,6.454483538458205E-5
USA-WAS-FRM,3.834603391765483E-4,0.001523585081743383,1.4292871683917974E-4,0.37584407176606605,0.14706312475612857,3.699800358360383E-4,3.5611047468177856E-4,4.359331620195826E-4,1.6660471747670258E-4,0.0029572568081019392,0.09554740320558675,1.49411285124569E-4,0.001005295795977385,5.654183875780905E-4,9.908444125402928E-5,4.485978891229743E-4,0.0027649217289250133,1.336355338516808E-4,0.0016952740785431892,2.3306574255279136E-4,9.899845561907661E-4,0.08004647415184234,3.564360559699718E-4,6.345412816409009E-4,8.807376674147463E-4,4.4295579787856663E-4,0.001108734433587836,2.7872794827198724E-4,7.210315305557417E-4,0.2826552126300607
USA-LAX-PLS,0.09309214902462164,3.3635752309044866E-5,2.5084638622849375E-5,0.04046870105181253,3.642015603866867E-4,1.6255740374828E-4,8.290897000681383E-5,1.0798022748831716E-4,4.873331774384655E-5,0.3720007200526007,3.1531131537546046E-5,0.11303406731577856,5.9442545063021774E-5,8.833724443023205E-5,0.0024296441455833274,1.11606353922982E-4,2.487831771875557E-4,2.304960542868562E-5,1.0033974445467356E-4,6.972221034644628E-5,9.631715206699183E-5,0.3763494721577357,4.531578841245594E-4,5.8278205320947005E-5,1.0913705648816393E-4,3.4471151727323796E-5,7.642261919136895E-5,1.7733939500251875E-4,3.184650216668221E-5,3.036240310162119E-5
USA-MEM-MEM,0.0834501306955986,-5.223559102995824E-4,0.001250373293302488,7.882524998930203E-4,-3.838592239800828E-4,2.5544065806545524E-5,-1.202612214945712E-4,-8.546613770336324E-6,0.5041484783619693,-0.0034754698849678235,6.033238089812589E-4,2.718626448136901E-5,1.4486430493213285E-4,0.003184913612087841,1.0333152844298921E-5,-0.002050530064702288,0.0038316824637543686,-0.1844180795535016,1.184386708361251E-4,-2.4913410628463063E-5,1.2350031526009293E-4,0.46314365474930175,8.314245827553687E-6,-1.8806202707473087E-5,-7.762348762204652E-6,-5.850896034611233E-5,-2.4922250434765333E-4,-2.4250496156895225E-5,-0.007703741186299657,0.13820731707708808
USA-DET-FLI,7.748592334963463E-4,2.5567465587819806E-4,1.4264282864507683E-4,0.24678358829498517,3.2499420055107764E-4,0.003701813587017348,0.1710680565359239,9.580960053759382E-4,0.007052037779806194,4.598736126860753E-4,2.2130850407640174E-4,0.26475212626322314,2.5089602321648507E-4,5.687611840705485E-4,9.380194222764707E-5,1.1623892787470853E-4,0.033130055983769065,1.0525248678838269E-4,3.2561826604272817E-4,4.5880368441285113E-4,0.10943560305694627,9.179527123189971E-4,0.15510273170592953,5.332501270926189E-4,2.2163029736430018E-4,1.2987106964867717E-4,8.356873357875822E-4,5.880201115107222E-4,3.199707522542123E-4,3.7078283107980486E-4
USA-ABU-ALB,0.019344540370597404,3.804025399264663E-4,5.5540859370636786E-5,0.033398558726015916,0.07470640333902019,2.7269254840460986E-4,2.7087023886030647E-4,2.635156750291047E-5,5.428814448223904E-5,6.143664489757938E-5,5.3793658028465624E-5,3.914984488403988E-5,8.563134514881022E-5,0.026156322200504158,0.7333904869998117,7.501420867102016E-5,0.041517833578632576,6.761834879350358E-5,7.489124320705375E-4,3.376174623216364E-5,4.717564529999062E-4,8.637908064678777E-5,1.2300015814164155E-4,0.05651398019374041,1.1735480849714441E-4,0.010761506485091658,4.1600174304083106E-4,5.458250340256043E-5,5.258062969049119E-4,1.900229356789179E-4
USA-WAS-WSD,0.020472595216093847,0.017225891823006236,0.7391160340971302,0.06918911628137489,0.0383385984428438,0.0362776728537865,8.196477797995211E-5,0.001189351735319723,7.864391743099168E-5,0.0014057735244334007,2.224877875450653E-5,0.004439429497492042,3.778160694457649E-4,0.006828520285461015,1.7395130882117798E-5,3.393528493040551E-4,1.557487917315559E-4,1.367488591977279E-4,4.911879032230641E-5,0.024397690234459556,0.015386426461224801,0.0017598471567813994,0.007061434196856395,0.007812188270215383,7.420978565558307E-5,0.006934326754378512,3.466823429923315E-4,6.717296112471268E-5,3.725215106250451E-4,4.547860369550564E-5
USA-BUF-BUF,0.06249676855111774,0.0012036601462888108,5.33886230477991E-4,0.021036441852177835,7.620629981018512E-4,7.504896120688448E-4,0.1316487152178947,3.8152429612795853E-4,4.940109859397695E-4,8.580127950757164E-4,0.03871742589356923,7.108093707581743E-4,5.273353669681365E-4,0.18385347577306896,2.145845566294262E-4,0.003079756144457246,0.4104659897638535,7.8907510857337E-5,8.017555134575585E-4,3.924674485746616E-4,3.8928409741237477E-4,0.015243658299529898,0.0027113780160780867,0.10083005545844824,2.775560667057088E-4,0.0014586089743062758,0.00889051457598804,7.407578101520596E-4,1.037717972742486E-4,0.010346334876639232
USA-HOU-HOU,4.218426689213546E-5,1.3780086118704818E-4,1.0631114226407421E-4,0.057915156057506106,3.9584798244992887E-4,4.646569784605505E-5,1.9081597887007652E-4,7.260114673771094E-5,2.6187301411947347E-4,0.08963812216972009,7.227785308868121E-5,0.029086118945743585,0.6010792682601432,1.7467323321858534E-4,0.02795490478660872,3.3447692956465095E-4,0.022669789289462706,8.01816031889313E-5,0.0029766012395605053,0.06250659256620884,0.0023906381470317445,1.3151794995294941E-4,0.0033239434187783048,6.266285086290178E-4,3.0148463995721946E-4,0.09202508805854356,0.003457586251577858,1.0886151416913401E-4,3.9509747027850035E-4,0.0014970910167004668
USA-KIE-KIL,1.4181321116320475E-5,3.0182265436328603E-4,0.1650837554294439,3.491512011774758E-5,5.06394353603645E-5,4.825905583075753E-5,3.242085322223599E-5,0.023218213697996433,2.952861652339002E-5,3.2175890718602394E-5,4.8013759353643884E-5,2.7772443041787567E-5,5.357723319148677E-5,3.6108287490398E-5,0.34695288211821135,4.681629360844702E-4,6.133426378542527E-5,0.3222122543896755,4.248581526642019E-5,0.1209930085153873,7.084176471943871E-5,6.370451961552406E-5,7.458534703304904E-5,0.0017435439544854128,3.2025760087320306E-5,3.594728644531869E-4,4.7508017395517216E-5,0.017751967989490403,3.2240283427591465E-5,8.259766311170156E-5
USA-DES-DEM,1.677646854871105E-4,0.022676889880266296,8.090059587956624E-4,3.77052130614548E-4,0.08226599382020786,0.0826287784729146,0.12582198152459526,2.061880820137239E-4,9.421427760884295E-5,0.06423859787591255,9.423492972376379E-5,0.018065158433732686,0.04444548773524315,7.755323063050054E-4,9.46866941212953E-5,3.5775265994570537E-4,9.695369903461871E-5,1.9403293161040518E-4,0.05191314109684601,6.0057165174284384E-5,4.159287451531959E-4,0.036515079702706024,0.2059820977774261,9.589897810464695E-5,0.09427882704876632,6.188863433527494E-5,0.0012342567500314024,0.044993356991421464,2.678615298738042E-4,0.12077129948202851
USA-MCN-PER,1.631534115139237E-4,1.2950410636917666E-4,7.978510803119336E-5,0.0013689340447567378,3.2280613002672146E-4,1.8869430214560077E-4,3.749640736423909E-4,1.5708909877814876E-4,0.0036121335022349416,3.226566079186737E-4,0.0014571234234860978,0.1285486773926342,1.4146227092046482E-4,0.013649678125278302,1.948292821959396E-4,3.0899118197769316E-4,0.5831831303357998,3.3182795280129764E-5,3.218377931821153E-4,5.362738456732374E-4,0.012720464591015274,0.17734856581497446,0.017808089946891044,4.2877408867635064E-4,2.6724941459343153E-4,4.2468883781468346E-4,0.054043205516595534,3.560084284300999E-4,0.001258898079372541,2.491484497909765E-4
USA-WHE-WHE,1.0420197197881837E-5,2.2265663919119298E-5,1.1529790221969434E-5,1.0615273465256571E-5,1.4181979704197871E-5,1.5382009435057397E-5,1.0544759989371503E-5,0.9996560096495866,9.064500549059388E-6,1.4363937811165206E-5,7.733711509523742E-6,1.693646784609745E-5,1.3555065609689597E-5,1.2218486150096092E-5,5.993613862193754E-6,1.054439012908225E-5,1.0702614789496586E-5,1.1791706599887455E-5,9.37731725255142E-6,1.8326113154309623E-5,1.4442438673192741E-5,1.21538248564421E-5,9.882429542859728E-6,8.732157193117625E-6,1.1632264558732899E-5,1.127292421486782E-5,1.0595081316324035E-5,1.1454527653055676E-5,9.246776832367763E-6,9.030326376355683E-6
USA-WIK-WIC,0.0013084395911669526,9.616218994162777E-5,8.584232643165945E-5,5.55143434967395E-4,1.9419298756597432E-4,8.919363576731514E-4,3.9356047952246535E-4,1.5233957050887398E-4,0.01030804720362961,9.9722996690445E-4,1.508952878174068E-4,4.2990156919425106E-5,2.497890383589869E-4,0.0013850158423158118,1.0960609529776636E-4,2.0257730693831275E-4,0.001212808435238796,1.512294452345562E-4,3.4723235748657333E-4,2.0873855967055748E-5,5.036154635931282E-4,1.6795571495298612E-4,8.674127762677216E-4,0.9779138127927002,2.829549941383187E-4,3.850908781670925E-5,1.6066413159406136E-4,1.913829418509048E-4,2.500951358092489E-4,7.67685031389954E-4
USA-SAT-SAT,8.037325359312244E-5,1.452323614402016E-5,2.4556934153781327E-5,8.315110728816425E-5,4.370100456077366E-5,4.1379373356376934E-5,1.7084513060204308E-5,1.7907405274009847E-5,0.013206516685113147,3.09732660728412E-5,1.2959653028082072E-4,1.8614641475768725E-5,2.2185019885760344E-5,4.075441632888541E-5,1.2993474383588822E-5,2.884603308055621E-5,0.08697712365460795,1.7809624938337616E-5,2.787266828908736E-5,1.4153859027715041E-5,1.1459186041916779E-4,2.511866434369572E-5,8.256524480772359E-5,3.7401990502886523E-4,2.3656628500118372E-5,2.1857116515287982E-5,6.260549529763071E-5,2.1264629009549252E-5,0.898374678115263,4.9525639900151304E-5
USA-DET-ANN,6.219029453007718E-6,3.66902684451712E-5,1.1926043722330878E-5,1.212514786061363E-5,2.167410158306089E-5,4.223556882930419E-5,2.2171690694607338E-5,0.985332826664767,6.800931349342015E-6,1.4283429808255996E-5,4.186776171177174E-6,1.530363855871211E-5,1.453112501578583E-5,2.9015618755545762E-5,1.3724138638990732E-5,1.275116628468446E-5,2.0778928666582947E-5,1.42963900176845E-5,9.348223955873063E-6,1.179679166897461E-4,1.868400818797192E-5,6.853610078577634E-6,0.01413453420438133,6.197830774197989E-6,6.7717624144584205E-6,1.4328844906910272E-5,1.9949394765427143E-5,1.9218977096707714E-5,5.2853234302877605E-6,9.319244697047814E-6
USA-SAC-SAC,6.58171536129827E-4,4.7295179915985347E-4,4.6419559189506464E-5,0.027625944340564975,7.126029627885935E-5,0.019582209938174295,0.8222114576634844,1.6767628334516196E-4,1.1898887186463644E-4,7.616766934580901E-5,0.019783847963611007,1.467586185417341E-4,1.6429167959841978E-4,0.008748245258124494,0.040866101046352396,8.589228716336558E-5,5.97624277778058E-5,0.04284054142034181,3.229506763165624E-4,0.013920990151224112,8.1477323289393E-5,1.2806978296124808E-4,3.972310813543036E-4,1.9313660143661967E-4,6.397554728840489E-5,4.444358434892317E-4,1.1563071903961981E-4,6.460077559453108E-5,3.8659884891206303E-4,1.542139900461367E-4
USA-PHI-PHI,0.04864081763159994,4.4523938190402266E-5,3.0533580516367094E-5,2.497936230397966E-4,1.845312941191601E-4,1.4272983047527624E-4,1.21227411998608E-4,6.292039019592939E-5,0.13710171095939974,7.798458955270603E-5,2.0763839822362888E-4,8.452210043989094E-5,2.8173922860465515E-4,6.041155625272347E-5,1.4271266898284226E-5,3.047564820757988E-5,1.8071588525294578E-4,2.9428829378676563E-5,6.59466404162932E-5,2.1798601627679946E-5,0.017930000418844103,1.8445466231576229E-4,1.3944355454287194E-4,0.79308222618851,2.952160901487542E-4,7.975401036052064E-5,1.5013420360821908E-4,8.530279293408213E-5,3.5129802198711E-4,6.844865235848226E-5
USA-COO-COL,0.1092690434798693,0.003026083038403768,0.035477922506666495,5.851708977821585E-5,0.006331401624519461,7.915327790912623E-4,2.6956700513297793E-4,0.056537591701103736,0.030791191842872254,2.3347350884527962E-4,7.523711427137463E-5,0.05031417563792947,9.258004059826112E-5,5.186014341242423E-4,1.10676623615799E-4,0.5692345121444577,0.03589986442196987,5.7839541687092784E-5,0.0023948734934505045,7.165424864384137E-4,1.1187527952696225E-4,0.0027480020498386205,3.748724110555402E-4,1.1673992349646407E-4,2.235624236795428E-4,0.05109116469607861,0.027843595829576503,0.01398515320149809,7.739345411582004E-5,0.0012264132163080628
USA-CLE-AKR,2.483904688206776E-4,2.989454965636067E-4,6.567756778070378E-5,4.2600380513625383E-4,1.8055005683527224E-4,0.19160559648567288,6.754089090002597E-4,1.3698851478442835E-4,9.825117712351799E-5,0.27273850700319946,6.832259718406283E-5,0.0018444505506040375,0.030184035346783225,0.05199241137896784,2.2247499704574982E-4,0.005829374791689093,9.663193354067444E-4,6.623199719675137E-6,0.03020797595114853,2.1562449158453676E-4,4.452223706649657E-4,0.02373858674915139,0.048754377318148315,0.006968010693980382,0.058738177559138585,3.5113555029359474E-4,0.2711103050976296,0.0010321418339909602,6.919450116050144E-4,1.5816569034650193E-4
USA-NYM-RSN,2.952553859418524E-4,7.394198652285148E-5,1.9523778969186368E-5,0.08274608677025978,9.7252735362875E-5,5.630931038912081E-5,1.5291551727759467E-4,4.024526958341131E-5,0.010157557897127873,6.959094745542904E-5,0.005415234427293393,0.08324180211403169,9.413182455476925E-5,8.54209310992098E-5,0.030343588524061625,8.44031653624167E-5,6.755751211105349E-5,6.961119064934345E-5,0.6670035726933896,8.932671641147947E-5,1.4236093082369876E-4,5.6117666809847916E-5,4.330905657914639E-4,7.537009335620659E-5,8.233358866669778E-5,3.60414089178948E-5,0.11869077336083024,2.987381000217611E-5,2.174585770232282E-4,3.3251299923771254E-5
USA-FRS-COR,7.343643073777513E-5,3.6905546281313777E-4,1.5413844163824576E-4,1.1161820159831375E-4,1.9091590909974397E-4,0.003385177432851439,1.4828725485992295E-4,0.0529549011819867,0.060354276763856136,5.250988777415929E-5,0.020142421450996126,0.016300323041299036,4.691757832678187E-4,0.4455838405122691,6.01631084363698E-4,0.1833186197414472,0.0013295717868417438,0.21108121140806868,2.9994806111779076E-4,0.00115010592215835,2.1829978724516216E-4,1.2527234569434606E-4,1.492876498048307E-4,1.0321495006783909E-4,2.0489399055786896E-4,1.268436249294604E-4,5.99007293624094E-4,1.7528054108603035E-4,1.1904742154923966E-4,1.0768663639602464E-4
USA-MIN-ANK,0.2039845947640869,1.3657571518684627E-4,3.2127175569325616E-4,0.0035908568821015913,0.03378243733375972,0.038591937865789294,1.1220700864898807E-4,1.0442999084177076E-4,0.11214598889281321,0.07544578602451753,0.024120451990272896,0.07985298286888136,4.3852035482815153E-4,0.1563071870640266,0.019413683632539792,2.4899945545346625E-4,0.08101789395402377,0.002955221251160112,1.5784355757525264E-4,1.3382957217246048E-4,2.6764275674482404E-4,0.11016065522057861,0.002426952062629898,0.02843303354570033,1.417461331342871E-4,4.004486770640293E-4,7.292565829237201E-4,3.2659973583359583E-4,0.020246673548437632,0.004004291802580204
USA-CRS-CHS,0.07457990880874835,1.7582376009487016E-4,1.4179969349223685E-4,0.08268938154904937,2.657500717709869E-4,0.03510431899050236,0.08275916208570126,0.009698709800432515,0.022921824612200818,1.9448549000304754E-4,0.002472335340480954,0.07124169096527641,0.0306250085148591,0.08868213725582007,0.0038020299371956455,1.1587916959645814E-4,0.04600517809281494,5.782911306946607E-5,0.08190479799098416,2.765196852342537E-4,0.01256325720627357,0.09596920007433636,0.04917921741876642,0.008857785584806462,0.08007336060213101,0.007099642897921225,0.07250785945313376,0.01612928128229155,2.9216197651367183E-4,0.02361366257649858
USA-BOS-FAL,0.6294802079317906,3.7251758999335045E-4,2.2349040769925233E-4,7.286079860674724E-4,1.6333678441992516E-4,4.156942206024377E-4,2.1319614376340333E-4,1.991539656766782E-4,1.1839687406830456E-4,1.539425167733043E-4,2.1514941687643616E-4,1.295845144107911E-4,1.2643626525119547E-4,3.063304013221373E-4,7.75868853235391E-4,2.3747437048314663E-4,0.001506977889185079,3.711623797907899E-4,3.281654338256026E-4,6.672986725744842E-5,2.197260293486751E-4,4.2639378510343925E-4,0.35812182562773176,1.872372780983268E-4,0.0017884141087007855,5.719533153022263E-4,0.001975250779835554,1.0581049444958377E-4,1.5457699896638755E-4,3.163877699707706E-4
USA-TLS-TUL,2.8136611312712227E-4,7.209935427932779E-5,5.7354378733669365E-5,0.3154859440836071,1.424684331796071E-4,8.959110258779304E-5,2.1132878541388082E-4,7.730068102498517E-5,1.1346179866867189E-4,0.1643669376029447,0.01979899525396057,2.259768061387062E-4,7.606733215711564E-5,0.08077748739940555,7.5520118124137E-5,1.259738883312116E-4,0.017388565150873964,2.772722891121364E-4,1.8280936100701885E-4,8.610662400102168E-5,2.8993177703078466E-4,0.09005735593924806,2.60845763026521E-4,0.00198826321813202,0.020443846114124063,0.10889198091217636,2.0577891643594432E-4,8.107713713767804E-4,0.0011795501662506156,0.17595904926552053
USA-MYR-MYR,0.10150917229973107,1.0523394349146738E-4,9.354407650345793E-4,0.09870988294619848,2.5572976795357086E-4,6.620910683537919E-4,1.9404989196054732E-4,2.751522969920358E-4,0.008387647590140943,1.5730294634209839E-4,1.096326472432933E-4,2.3529560248164116E-4,0.06814317841089725,0.0010178316824687836,2.6631994273453464E-4,0.004160261040714506,0.2380517324296437,1.617914381184673E-4,0.0011583686169415305,2.9468350982189234E-4,0.04419356520824356,0.0013237917282340906,9.037017902498973E-4,7.254110301817454E-4,2.0520473169641714E-4,1.074954126393203E-4,0.4270339478526891,2.2955257427487478E-4,3.4514940964021275E-4,1.413814248864431E-4
USA-TUC-TUC,0.03172610640297954,3.863410024757145E-4,6.410592385899786E-5,0.009984492515054379,0.011989327581200419,0.005715260554965089,0.07357782264098624,0.029358116474020104,0.06286893972693687,0.0927985122663461,1.9037175387703743E-4,0.04083849544879655,0.04161379424189049,0.014857870496711067,0.0077437184581692926,0.005782951184527092,0.1539152619786219,0.00849161087635452,0.017239413104007954,6.641690572135794E-5,0.023467619455004085,0.017393177321876323,5.545634288332889E-4,0.036075501610189256,2.2274823145695992E-4,0.05182908458742167,0.129500501206644,0.0050459210274953125,0.03578086444218285,0.09092108915139564
USA-JAF-JAF,5.928972757318291E-4,7.197249840942176E-5,2.6446069335069177E-5,2.1060408064242278E-4,1.7644156627083873E-4,3.538402623679799E-4,1.427822822280596E-4,4.126863302178187E-4,0.0026012358475161223,9.63315201523442E-5,3.97382380697924E-4,1.7344457729058076E-4,1.0071912966055563E-4,0.09389476811043407,2.6301559126434246E-4,3.1040429164151684E-4,0.8479073163911841,1.1399408168721361E-4,2.4439272025197944E-4,8.714744433957354E-5,1.1408227175105246E-4,1.8379081622651558E-4,2.247090631785097E-4,1.1058948109515493E-4,1.1532988847776419E-4,4.414814354749334E-5,0.050417466763604264,7.463866568667909E-5,3.3512795332903166E-4,2.022945017799028E-4
USA-NYM-FAN,5.174136602147365E-5,6.349982915052821E-5,2.384704006398017E-4,0.5204435051776702,1.5659891864775957E-4,0.45834553645948883,8.6867341444315E-5,2.855438256228023E-5,8.066774604778287E-5,9.08066316589561E-5,3.7281871136332155E-5,1.4032738919370627E-4,7.395195455397742E-5,7.868858025158588E-5,2.2362282937985653E-5,4.174658117284807E-5,0.017724574941102276,3.752273969026524E-5,3.710251842594542E-5,6.371405327957888E-5,8.718703517641644E-5,7.733460050251182E-4,4.045573956977747E-4,8.978227094999828E-5,3.507493095299146E-4,7.075883231661087E-5,1.688308559144607E-4,3.515618964087089E-5,1.3446076911398966E-4,4.1650171558339735E-5
USA-OMA-COU,1.8262512340488627E-5,6.659795232162993E-5,0.005608620720924824,3.996650857978928E-5,2.8201781616052676E-5,6.136219181200313E-5,9.834918686045219E-5,2.5546906334740577E-5,5.557564566286434E-5,0.6416729459460382,4.95409139085387E-5,5.338065443537983E-5,4.069002019912887E-5,1.2197265420041199E-4,4.2180858427409545E-5,3.45083234619493E-5,1.1363492387533769E-4,4.089888677146055E-5,3.558773479783314E-5,4.438877392150238E-5,1.988885808780977E-4,1.0461669826324092E-4,8.017761493733418E-5,8.496234906122003E-4,5.511874533539966E-5,6.72702979362168E-5,0.35020741167803143,5.321082967146795E-5,7.018414842606403E-5,6.128481941853912E-5
USA-STL-SAL,6.81997812484673E-6,-3.6164341171968375E-6,-2.720674127220318E-6,8.226614143908692E-6,5.945666042329939E-7,-4.1893756536683325E-6,7.596730773627286E-7,-3.2955194069627096E-6,-4.145650830208208E-6,-3.2183769770908237E-6,-4.814061665839511E-6,-2.8975964244979204E-6,-4.377463556794523E-6,2.3971912104315326E-6,-4.9156035083653274E-6,-2.491000253367804E-7,2.5510001395129818E-6,1.2127190741645708E-5,-8.186256912550161E-8,-5.237892402924827E-6,-5.7969903372158805E-6,-1.772538665766145E-6,2.7335072210719237E-6,3.941330495907379E-6,6.202265049886702E-6,-1.9283813242875347E-6,1.780614736427068E-6,-6.233626894895125E-6,1.0000130970193881,-1.739802445934456E-6
USA-SAL-SAL,0.08654122950288871,1.8747358425426916E-4,0.0011287730712879888,1.6468533084383404E-4,0.06905020027017966,0.04701786326226957,5.474773892070993E-5,7.613250351266899E-5,9.354260136517808E-5,0.025875628352146563,6.393260780780528E-5,1.6754791371440084E-4,1.688960455255857E-4,4.689407360338334E-4,3.385689617974435E-5,9.669197739777101E-5,0.022604016668799447,0.7421399115658349,2.0904002433957432E-4,1.4225971621221602E-4,3.364065984733186E-4,0.002178766298106853,1.1365706326365468E-4,9.511061766748543E-5,1.3622391940135324E-4,1.3744454152999E-4,6.711620785981447E-5,4.134559311269704E-5,1.9227715031799715E-4,4.162816407523169E-4
USA-BRI-BAC,9.186147672146153E-5,3.209032751116585E-5,3.2030375473031E-5,5.660848411783156E-5,5.6190791027244814E-5,7.106243225113261E-5,4.90275182886715E-5,2.4199892176851785E-5,3.444985572635705E-5,4.135966715394963E-5,5.7846337199553844E-5,0.9986384445902557,3.9262936766718135E-5,3.9851585432118454E-5,2.987947000898926E-5,4.1873133146252E-5,1.1062169668331561E-4,2.76819969309316E-5,2.840174069758465E-5,4.317339288379576E-5,4.2212360689565334E-5,4.1875325770905316E-5,7.562600351427542E-5,3.6589904552106224E-5,3.115432351151982E-5,2.6425312016964805E-5,8.761828337506045E-5,2.934714917815479E-5,3.57498612130615E-5,4.7483775725706136E-5
USA-COP-COR,7.439980059431068E-5,0.02710535867256385,0.010987902695646657,3.077907658960603E-4,3.3099535988915174E-4,0.043527383881635316,0.05929330509901231,1.311871133025386E-4,5.455135765632827E-5,0.028954839471602392,2.6659213418866535E-4,0.10882566938966942,3.307378004470332E-4,2.3785942053189155E-4,0.017902954620574202,0.4813322779901537,1.1722040927834345E-4,0.016366170555981874,1.3573075889609901E-4,9.1479495310522E-5,1.7709397862196346E-4,0.08268631308985537,1.1090291890216325E-4,1.4237154552573819E-4,0.11873680298271268,5.0915308621605203E-5,0.0011914921868949246,1.6237249116028978E-4,1.1186371679913308E-4,2.5546498807544184E-4
USA-LAX-NWE,0.021328490267588252,0.043953762316785945,7.870425785873103E-5,0.050065494589801,0.030340179593093156,0.0011309826748650328,6.588952698412645E-4,3.649246718073421E-4,0.06458673301685648,0.13698757535979,1.899597548478574E-4,0.0020979742951566876,0.03537333471350134,0.0016262107592960745,0.06890293530852529,1.568715375125952E-4,0.06277690900425233,1.7423638192458276E-4,0.029821829819539132,1.0307759214312925E-4,0.028727111718947648,2.693746200668336E-4,1.4799554733615353E-4,0.20929014870131088,2.628262099058361E-4,5.524739368339643E-4,0.1032420864141553,0.017270125383096267,9.768252014687362E-4,0.08854195108189243
USA-OCA-OCA,0.16086386148602289,2.1817041215892893E-4,1.087569866826567E-4,1.6779137963905322E-4,2.552634426181513E-4,1.6679819831063344E-4,0.37443301280258534,3.6277259218550867E-4,1.8948262892433943E-4,2.0086977798875933E-4,4.541716172115086E-5,1.0020228680201958E-4,8.287365065693536E-5,0.023177938183894176,7.202918812507133E-5,8.889623492038368E-5,0.07262799154370123,2.6862958828976444E-4,1.1063981601428023E-4,9.576987849447055E-5,9.105008012790544E-5,1.8076353052815932E-4,8.768643424769271E-5,1.128637680261651E-4,1.5923787141147041E-4,2.2031137343515034E-4,0.36518719235747593,1.8465168281096828E-4,6.911938852477862E-5,6.995627367589102E-5
USA-WIM-WIM,4.720571146487549E-5,5.406976092951008E-5,6.334893772598684E-5,8.323965033035411E-5,7.459711364269869E-5,6.750262441192735E-5,6.840239480713895E-5,3.689600475934349E-5,1.523292704911691E-4,1.0108938638326373E-4,8.932916302462735E-5,5.206235003469347E-5,8.54359162356639E-5,7.742116924029843E-5,5.400057677412703E-5,3.728032511001971E-5,1.3407900682037497E-4,4.7572735826625906E-5,6.554881891425632E-5,1.1963335690615614E-4,8.459098929014994E-5,0.9977745317535922,1.1052658238478178E-4,8.450658821248793E-5,8.372487568858072E-5,4.8698995659947115E-5,8.921629410027244E-5,6.359701239424277E-5,7.802149050863136E-5,7.154114433568144E-5
USA-OKL-OKL,0.05117411864035014,1.5363806162195368E-4,3.893271291998291E-5,2.039312248968917E-4,0.0021660378990557465,0.007108326015824719,5.9558813629081916E-5,6.855550639643089E-5,0.03089697881336079,0.001327274450019242,5.155300659163989E-5,0.0076950579082830945,1.005517662385916E-4,2.1789059670563978E-4,2.5622396362932777E-5,6.40080059164034E-5,0.25545488462707755,8.40501677761658E-5,8.191243118131525E-5,6.646907816702349E-5,6.157377080691356E-5,0.0020930051354308647,0.09936395316949788,3.390189694394856E-5,9.612561357337511E-5,6.602474784359496E-5,0.04318353467124388,4.639041348282111E-5,8.98267861359287E-5,0.4979263116726654
USA-ROF-ROF,7.523633378888013E-4,1.496027108042444E-5,-2.8273606027336958E-5,2.0032341529683654E-5,2.2580880271666005E-4,-3.2398073409065437E-7,0.9994132778803636,-3.5046545280622416E-5,-9.824603670551614E-5,-1.9764200195148232E-5,-1.9942182600162397E-5,-2.9380332378835348E-5,-1.3579723526480346E-5,-4.6481174607579044E-5,-5.712657140292386E-5,2.746702900485901E-5,-6.356619772354669E-5,-2.5444088155448506E-5,-7.74347955190081E-5,1.924731323068483E-6,-3.910625866707381E-5,-1.0386385416020857E-5,4.3339130806377746E-5,-6.276699776600533E-5,-1.4500017459014859E-5,4.301380383661237E-7,1.9896643005775188E-4,6.010653834320645E-7,2.53455616350897E-5,-8.314762566324518E-5
USA-MOD-MOD,0.11460795934734515,8.698246748547755E-5,0.0018498122813793924,4.9303820691418285E-5,1.6288365057034394E-4,1.6384922268161496E-4,6.045105194730511E-5,4.375883031250892E-5,5.6057396899746185E-5,2.4178889028380135E-4,4.313547435749944E-5,4.1410122856063517E-5,4.8138066141624606E-5,6.435205632349574E-5,3.7242620632457414E-5,6.643186710121108E-5,1.1015580647560498E-4,5.426507768284531E-5,5.0028583503868815E-5,0.8809146551889664,6.627409492734018E-5,4.4038948175494135E-4,7.711232987990405E-5,2.1042923199516464E-5,1.4342995898306872E-4,9.071211703206006E-5,8.363422780904365E-5,2.1051684910950588E-4,8.09860154747019E-5,3.3240178191779535E-5
USA-DAL-ROY,0.005998587252913203,0.06443764621072033,0.010687578845506949,1.6678646862742963E-4,3.9144317577442475E-4,1.2273753141360614E-4,9.860042585228678E-5,2.1846082637775365E-4,8.766073235821091E-5,2.595434686475314E-4,0.013117343101567936,0.03084222752785766,2.60159525290185E-4,9.22547509857206E-5,0.07128645210659963,0.15313100777301566,1.1402338281231225E-4,0.11056397325194406,1.4334622562968064E-4,0.0038296125958613893,0.005574364636289747,2.0070256922998222E-4,2.5613589587459993E-4,1.9563000550399173E-4,1.0393472051063054E-4,0.5271204595605236,6.735659476174811E-5,2.23128345321926E-4,3.144829963267866E-4,9.435949590108685E-5
USA-ALN-ALB,0.0880876414871853,2.295002223829853E-4,1.7100549755238168E-4,0.002130860889966311,9.729626098577665E-4,8.255207146368559E-4,5.800872319072298E-4,2.676010886645644E-4,0.001413376475606156,2.514547004235568E-4,2.0477579246543326E-4,1.9840726571591477E-4,9.867002984711237E-5,3.202688846977515E-4,9.881034431873124E-5,3.6583207731685877E-4,0.9002435053587636,1.2324383677530669E-5,2.328239309885049E-4,1.4228658963750385E-4,3.280627547317138E-4,4.8155022024936076E-4,5.502156478332292E-4,2.0154146968005972E-4,4.798131705124609E-5,9.254514497513467E-5,9.324049191482898E-4,1.0351155822293488E-4,2.8826452259945133E-4,1.2620686989655476E-4
USA-NYM-RON,-5.682051072075411E-7,-7.3431750811870265E-6,-8.535235517774305E-6,-5.349048485404725E-6,-3.2196885992892695E-6,-5.762303940124892E-6,-4.670432322998297E-6,-8.099730312817902E-6,-6.999595043284129E-6,-8.18942732900408E-6,-5.487691504742768E-6,1.000286102819812,-7.82096956397374E-6,-6.751678909659247E-6,-7.688936342508728E-6,-5.794841934839883E-6,-2.2737854958642736E-6,-6.506800628681358E-6,-8.62848497176299E-6,-6.68192148156245E-6,-8.275133302426886E-6,-9.96706215038282E-6,4.745780166354323E-8,-6.621587421984139E-6,-1.1823674969635956E-4,-5.996915961270049E-6,-2.472752524307847E-6,-8.160249841863354E-6,-4.4092541446202585E-6,-5.638619997722501E-6
USA-HEL-HEL,1.2008089502693199E-4,4.5435179196366823E-4,0.057022068073653696,6.843880049476863E-4,0.1782754342632869,2.631451519164475E-4,0.0011671234175556354,1.0806437809010098E-4,7.205201682473808E-5,0.06929014360035983,9.011380212592555E-5,1.4272421343286597E-4,0.4760873160029507,7.710443900181386E-5,1.5283502430467368E-4,2.4740249887953526E-4,8.626415788192327E-5,0.19781885568358495,0.002558482269170392,1.0752099361638923E-4,2.3500311176965921E-4,0.012923502678552792,4.168219578517815E-4,5.685077812190134E-4,2.1359025995387225E-4,1.1800797258402502E-4,1.7249402073122572E-4,1.7498931472218965E-4,2.647797356904549E-4,8.683248835017891E-5
USA-LEK-LEX,3.973032957068874E-4,8.654783268043778E-5,4.487204306452419E-5,1.8566367571661068E-4,7.170575174085089E-4,0.0019776253951004513,0.04043978309769735,5.767346104742778E-4,2.3385105557989527E-4,0.0764841231936766,7.850454687218735E-5,1.88663323465041E-4,0.059128003017007866,0.6362732781534204,0.024667581110509273,5.9160730600011095E-5,4.7801936865180916E-4,4.783876604637495E-5,0.05720461258602686,8.808927160564696E-4,2.1176815129694203E-4,0.013398231296848431,0.08349877575870909,9.028844089826933E-4,1.2666498610627456E-4,1.2779532132851189E-4,0.0011703963437821885,2.26523724493775E-4,7.778619540200701E-5,1.0905777728843819E-4
USA-NEO-NEW,0.07176716915462383,5.716492963678768E-5,2.9785374028019047E-5,0.008882491900112073,3.405078944616301E-4,0.0209032596995749,0.24198148769696953,8.32060153607203E-5,2.3580758986531405E-4,0.12702250616133748,9.968331190916274E-5,0.04997448807479851,1.0877286719623379E-4,0.012973096039597365,1.2488534713527412E-4,0.23042355673418852,0.09287179869206799,5.180484793203576E-5,0.03182451560695754,3.47053018087809E-4,9.444737692508969E-5,0.016291226710335782,0.001494015229812061,0.06297263445783503,0.0022492715910996746,1.674356890279583E-4,0.0039032820393689865,5.6437059683003414E-5,1.2251163178960247E-4,0.02254569725828166
USA-DAL-DLL,-6.446148644102453E-8,1.4868762379212046E-7,-3.4247568870648483E-7,-7.296660447151091E-7,1.1133086169893812E-6,6.432917703608238E-7,-1.6134244379992797E-7,-9.561345151114901E-8,3.3197977456398187E-8,1.2577300021530818E-7,1.7583679627596006E-5,2.598876524365724E-7,-1.623136118474981E-8,-3.509325794900868E-7,-6.210745148560562E-7,-1.581070202586971E-7,1.6727682357011592E-6,1.0191852483189437E-6,-1.4276437879045082E-7,3.2189778334688725E-6,1.202914278273404E-6,1.5508882351891606E-7,-6.339045142064523E-7,-5.473341558541903E-7,-3.672083238223819E-7,6.20126202232118E-8,-5.892209183945709E-7,0.9999784073428633,-2.8219564851845496E-7,-5.435836411399556E-7
USA-GSO-WIN,0.08999539219544014,1.5986453372713317E-4,0.0027510251521345058,1.8811164527967564E-4,2.0472012710533082E-4,7.706222737632781E-4,1.5132125441470433E-4,1.257769764769638E-4,8.077153481169919E-5,0.11947550956377345,8.291077992632425E-4,1.7711962262220062E-4,0.05607411128800325,9.791701228624916E-5,0.022975626869088148,2.1129378144509536E-4,1.1685392413510412E-4,0.008941683981153581,0.14425732643549313,3.353723431100339E-4,3.07071260497666E-4,1.7191131589508764E-4,2.046962937973763E-4,1.405712497933516E-4,8.572736551022498E-5,2.954782384578085E-4,1.21196947965611E-4,0.030572139969938798,0.009945164752865466,0.5102365142917517
USA-LAL-LAL,0.9728429968021505,1.1999129583318024E-4,4.4042885737966326E-5,2.4671140140478755E-4,2.0915523921043527E-4,7.746675211208765E-4,0.015908008311795317,3.597166146501107E-4,2.7017405447336026E-4,2.3354820471236995E-4,5.833026954327203E-5,2.1129594985762568E-4,1.62925990648294E-4,1.859488929134266E-4,3.654498289613148E-4,2.5342792420439777E-4,8.472543149907691E-4,7.704168436578097E-5,1.2706470650171504E-4,5.463925581927941E-5,7.465821604198759E-4,2.0243462425465703E-4,6.192536256474281E-4,0.0010373548327252317,6.813466848075932E-5,1.1668253631512746E-4,0.0035200225421065296,1.4305614407465446E-4,1.381466389017003E-4,5.5941078179651546E-5
USA-LUB-LUB,0.9811593343704623,0.0031031693344202083,3.0772771334977114E-5,7.040096976138569E-5,2.3871145563964408E-5,7.959348593848751E-5,6.207835693407027E-5,8.172649815367037E-5,2.2785277844597504E-4,2.4855301314980164E-5,4.407234161685647E-4,3.633031920131328E-5,5.7772717442003743E-5,1.080327038484333E-4,0.013502940326260444,5.2149922758350346E-5,1.2044202353159209E-4,2.0744042294773247E-5,6.618028456500709E-5,3.652890692354851E-5,5.520746483821182E-5,3.262352612805153E-5,3.914824426710564E-5,4.247147644157496E-5,4.813335345416473E-5,3.894854052372714E-5,2.3957466142688678E-4,1.1162661671242865E-4,4.5379319463836726E-5,4.138712142011816E-5
USA-MED-ASH,1.723394943761639E-4,0.0016277873896227268,0.0010141330181009326,0.07327429975866122,5.337516231301571E-4,0.001048763203324441,0.1477708410958243,2.627553203488002E-4,1.2197778405233765E-4,0.17466397374732326,8.799957562528524E-4,1.8565974164945994E-4,0.1200135833222766,4.6409300749311437E-4,0.004386134948598628,0.20139195937914386,3.5508234496253017E-4,0.05984164103988669,0.09432669619140528,3.9634861221462674E-4,0.010024782432259249,5.340984427365285E-4,0.0016496764462248692,1.0962033373328287E-4,4.197247658030592E-4,0.10108550337447253,9.057448736653827E-4,0.0016254553982222818,3.5599233951938636E-4,5.575848147155429E-4
USA-JEF-JEF,1.5103649507326676E-4,1.778862575606737E-4,7.740658769351804E-4,4.6402628398139003E-4,1.886193256506261E-4,0.0017014492493030442,0.048287937084055786,0.0020983413387898253,2.4776649743372156E-4,0.11519817217015631,2.0292793410751664E-4,0.011259760687098155,0.06407089704783772,0.0017635292189819446,1.8670645864191587E-4,1.98836960926856E-4,0.3274562803737908,0.00477394529811151,1.6217745963381487E-4,0.06985640574867165,0.0065432168529803245,0.1152830907040035,0.008112747939348627,0.01360796299861501,0.14456049469099513,7.350714285393404E-5,0.0010634370768155322,0.06119072553775776,1.6622953202306191E-4,1.7781975786553382E-4
USA-CUO-COL,0.0027385578196932187,0.029151165073143432,3.248160109716893E-5,0.011823804887130411,1.2227053166917752E-4,0.06445824639380474,6.677680894201392E-5,0.3085159530694196,0.024138166879003962,2.758206510665901E-5,0.002918240610946322,3.77677047045246E-5,0.16341547078638863,0.026644855201626887,0.008200097301387552,0.11044893107539194,0.09363753145447207,0.017229386375129406,1.3507941837540775E-4,0.0100744118691649,0.002201188677111733,0.024222072596820826,6.092693157807448E-5,0.02395395114411516,9.542492546467472E-5,0.028717448916554016,0.027328411814642833,0.008676897106903562,0.010369020443135793,5.578805170756685E-4
USA-HAP-HAR,1.1469379933150651E-4,7.778254387202539E-5,1.1318461691036449E-4,2.335349532362279E-4,2.7549072414242824E-4,0.04292031985167049,8.764430133168038E-5,0.0016899706866980017,0.0061827080551898235,6.242816558939006E-4,1.3650549267293867E-4,0.08019510573355063,9.171117074175764E-5,0.7347146056858237,9.527624014125908E-5,3.7654852045725063E-4,0.0028858606421840005,3.071845151384787E-4,5.278469671912247E-4,1.3927991349351411E-4,7.774561121565499E-5,0.06626372621209413,0.0566988810521877,1.3643144070950612E-4,1.7747223485041366E-4,1.5721510878607928E-4,6.010348696482701E-4,1.642771042019819E-4,1.1750842008132328E-4,0.003816171876554031
USA-NAS-NAS,-4.1656835562980775E-6,-2.5066575738495006E-6,4.029983317875741E-6,1.0454600967136656E-6,-2.303341644543355E-6,-4.1943295683766E-7,1.081282846057609E-6,-1.784713157614009E-6,-3.329403510462193E-6,-2.0997994899367807E-6,1.000041203776877,-3.340926621894736E-6,-6.432993738741379E-7,-1.0620283522275263E-6,-3.92062777317079E-6,-2.5194207845596003E-6,1.8371053029489744E-7,-3.0563488995225676E-6,-2.811275398103262E-6,-2.820573432987736E-6,-2.24428310114054E-6,3.92669995196901E-6,-9.724070415541612E-7,-2.022067878664653E-6,-3.5027511877912853E-6,-2.3202200970396545E-6,2.973518484426275E-7,8.527249259616377E-7,-1.3699898296609926E-6,-3.40573873248985E-6
USA-FOW-FOR,3.537171725665035E-5,5.3626213081453216E-5,2.799904345180428E-5,4.6792540127907754E-5,3.422612508673551E-5,1.9807830292556218E-4,4.2059492083181154E-5,2.2957886778029494E-5,1.155763382171198E-5,3.929329434677052E-5,2.5737618908051864E-5,3.59444834714352E-5,3.269362185923837E-5,6.571029612386045E-5,0.9986570818327115,5.901049768815878E-5,7.066843243272771E-5,3.280408206415729E-5,5.80854173455162E-5,3.494773940908864E-5,2.6910489766808196E-5,4.403764912001066E-5,5.244815605336862E-5,6.197435855747206E-5,2.828433502627534E-5,3.54765230593626E-5,5.855030477587916E-5,3.368992647121415E-5,3.0515327908478435E-5,4.346665828780512E-5
USA-BOI-BOI,0.24986300310436751,4.0257932623542514E-4,0.042687951812652676,1.5278058115958772E-4,0.1169404238513122,3.8854255052654115E-4,2.0898458815024208E-4,6.25367360706698E-5,9.772596158276407E-5,8.670292030534368E-5,6.359700759851952E-5,2.988044716653049E-4,0.0010452993788854217,2.01164339989764E-4,3.9668083614823757E-4,0.004157348459389739,1.8906687424602442E-4,0.12362918759070025,3.939688797867109E-4,0.03731831663663694,2.699772560443956E-4,9.504722980138219E-4,2.665351411317629E-4,4.349532831428938E-4,2.5239944472298017E-4,0.34796257781487483,2.2726005649655707E-4,1.266633117452057E-4,0.0023321366388165884,0.06859235884760129
USA-LAS-LAS,0.070177730991548,5.018410879146378E-4,0.0070467286118905985,2.3772587521412567E-4,3.5065191789486537E-4,8.825383727463132E-4,0.08705151204774986,2.1394173257024873E-4,0.001064317943217236,1.7083657458562897E-4,3.119509526825379E-5,0.016441780818257878,0.09305574374988823,0.009806515084640087,5.729425589607087E-5,3.2330521970249163E-4,0.044022907675811865,1.5823889143121254E-4,4.0342781677053444E-4,6.286313892662542E-5,2.0476547391393382E-4,0.02588072777359462,1.6703313019737585E-4,0.17008827247014652,0.01817094303312352,1.549776793338267E-4,0.06545494972407608,2.4625136081075607E-4,0.05436554688184652,0.33320543557103205
USA-HUS-DEC,-1.0179274909224462E-5,-3.5472860238768605E-6,8.465103694616048E-7,3.1971830076482355E-6,-3.1325757850849765E-6,-1.518563000850745E-6,-1.6474737372941411E-6,-6.980845765263483E-6,-1.0108973429991394E-5,-4.440931199384329E-6,1.000142380638788,-9.17209062278259E-6,-5.2082906436450755E-6,-1.6347650096273886E-6,-2.009593676437597E-5,-3.2842554919615455E-7,-4.0044241497110295E-6,-2.354431329919157E-6,-4.162423595372468E-6,-4.578489639002589E-6,-3.3492526127459733E-6,2.4829494747102825E-7,-1.0864719147324657E-6,-5.5839952513643386E-6,-4.809201847015445E-6,-2.6834622099320232E-6,-3.847743238883299E-6,-3.690608760385011E-6,-1.077221088065456E-5,-1.775447924209356E-5
USA-AUT-AUS,8.483301932219734E-5,4.76714769085868E-5,9.465999927740406E-5,0.030034160101983835,4.976938691802029E-5,9.577919980945692E-5,1.1051785281324358E-4,4.667113390648966E-5,0.018730541359032498,3.1895336908054215E-5,8.749650628102375E-5,0.014419624414358099,9.863069118563246E-5,1.5871487311832158E-4,3.791635289202578E-4,1.973263043109111E-4,0.030405783824172517,5.260424164257176E-5,3.388495203416114E-5,0.07517734616587811,0.005219626464515123,6.634517546255336E-5,8.046356998282033E-5,0.7542272760218524,5.446228145955406E-5,3.958327411778639E-5,0.0695414887043845,2.625206381969204E-4,1.0155132646804105E-4,6.96081747789403E-5
USA-FOC-FOR,0.02632414868402615,0.8377479967252048,1.124638666827241E-4,2.4960816785425E-4,8.519485237350173E-5,7.823652758268807E-4,5.330122711446729E-4,0.006400704406003032,4.032765107469495E-5,8.258423305429131E-5,5.0144788529547226E-5,0.005984727492027914,6.589293929843515E-5,4.2868760797239285E-5,2.9268673498580248E-5,5.653386194183469E-5,5.284618989836865E-5,0.052868956100198386,2.7320937057726186E-5,0.035755187286136574,0.013800382450396859,9.609127347595216E-5,1.0153019623361425E-4,3.543981856362998E-5,5.3920022915162334E-5,0.01012031017885136,0.008388250482360485,3.7324843552787284E-5,4.354660773276917E-5,3.1050963287968736E-5
USA-BIN-END,4.848381990657298E-5,0.009810740314563303,9.520469580869797E-4,0.2447550862791615,1.1996249627129956E-4,9.293224381588316E-5,9.15164076791789E-5,0.0013731089996112705,2.0364217101889707E-4,0.18643585278037536,0.007639826677669148,1.0721327011325699E-4,1.063939468374756E-4,5.258682575728655E-4,0.02875904877010492,7.993934003698775E-5,0.20181085813891236,1.2359259796182912E-4,0.11323703558879224,9.32318328147698E-5,2.4660106050434393E-4,0.1583338530388174,8.800354345602849E-5,6.583524952266076E-5,0.0423625940756918,8.419065620705596E-5,8.144342430599801E-5,1.2473731228740647E-4,0.002131213772068015,1.1514697583329023E-4
USA-LOU-LOU,0.043270295681482294,0.024581319334245434,0.02140891226419493,0.0013289415973688319,0.01525866119101504,0.020125591105056954,0.14005920029559119,0.06502963022459979,5.381799927136E-4,0.06598690030134499,0.005357265534509267,0.015310727341991187,0.034215698134514194,0.07167930005147964,0.06644536856602513,0.04566237032327927,0.050844579474295166,0.06040788462482088,0.04319650594373054,0.04400476388567546,0.04280961051531492,9.131060192377092E-5,0.014679005002117206,0.02354193339950748,4.49924424860181E-4,0.020591370506595735,5.2019463426437834E-5,0.04156731284454167,0.013719918952597387,0.007785498421181575
USA-BAK-BAK,0.1395527001569734,0.06051538061564922,0.02503787252740673,6.499545681210648E-5,1.3464430184699977E-4,0.0012966958000915957,1.1587441972386029E-4,0.04888612084606942,6.13775592935129E-5,0.03825521753389254,1.6231027569700365E-4,9.047611113200278E-5,1.0071817311335791E-4,0.016273522675162515,7.132474822667507E-5,0.4204609045474091,2.034211921784477E-4,3.2872158929239074E-4,6.245820274161996E-5,0.08895218136277018,2.7576318839444934E-4,7.758138180101438E-5,3.404473006382257E-4,6.123215007580003E-5,1.0095987889421712E-4,1.1639038133531093E-4,0.05775742895439101,5.329942276995739E-5,8.097738776601662E-5,0.10050900185845152
USA-CLE-CLE,0.06886852786558073,2.0769415257460274E-4,0.030994723230345626,0.04777257240260946,2.987779950669097E-4,9.819088898312955E-4,0.1418397427537415,9.096134564845047E-5,0.08472236438195047,2.895641536376851E-4,0.0027941607610398106,0.006115902951609284,0.02531370003821713,0.13788091728752833,1.0630987674574256E-4,6.70248224005038E-5,0.13692127673389984,2.817537192317512E-5,0.011632591428458761,1.7803992688305981E-4,2.0654604098001072E-4,0.19533761104141067,0.08228616953494644,0.010116555682951292,0.011630904383605119,8.532769912830656E-5,3.070720117348777E-4,1.672252033610574E-4,0.001990182987993524,7.674690441963977E-4
USA-POR-POR,6.314549486286639E-5,0.021237344740024054,8.459549025770523E-5,0.09137582565456262,6.630595471118805E-4,1.0842068275003272E-4,2.0794897911133157E-4,7.55239341333851E-4,1.59789656399874E-4,4.431365816776978E-4,2.030895607043993E-4,0.2199709955290303,0.0891369183235277,1.2921716388072295E-4,8.065822082584857E-5,8.1199053067473E-5,6.933265209241771E-5,7.125268306207675E-5,4.2261793878325195E-4,6.833330077346516E-4,0.022903193906718435,0.1600260973871572,3.435372369223577E-4,1.0368982844436669E-4,0.30790841382654793,0.043195047105696945,7.227187594952934E-5,1.1069776571147906E-4,0.01515570717991396,0.024234223586136982
USA-YOU-YOU,0.040437979641171976,0.25039461336972596,2.972958936376665E-4,7.253996674812953E-5,2.2598603538491444E-4,1.7440643780158846E-4,7.045874530007248E-5,2.710390542232967E-4,0.11194591192413286,3.736464165047797E-5,2.453330100537326E-4,2.1449019288758876E-4,4.857998865419308E-6,-1.724394357625001E-5,3.924935403763531E-4,4.605977531248816E-4,0.1662280290777835,4.079521437945122E-4,0.005299994906969668,0.021772390170432518,0.002719372165412425,1.7691970128276265E-4,0.2233553901113836,2.763485119656731E-4,8.848401473997867E-4,8.664737378799979E-5,0.17043870991378643,0.00290519167665788,1.2446279777565923E-5,2.0764355805679034E-4
USA-MAS-MAS,1.5834784927073577E-4,3.3137520344735886E-4,0.1916548007637494,0.3934368858893983,2.574326305644085E-4,0.001223712359562086,2.872082204618582E-4,2.721462370180752E-4,6.764231761935984E-4,1.61781350703894E-4,0.018495000539050784,6.350103110486372E-5,2.9218069444056675E-4,0.0018668107607124557,1.649838454517576E-4,2.8914581961030653E-4,7.027630931306781E-4,0.26595484085937565,1.4192651130419843E-4,1.6825317034981467E-4,3.0409526465569357E-4,3.001550064795026E-4,2.21744829161267E-4,0.005057999359319027,3.9184863173220955E-4,4.693887206208732E-4,4.2813772866575033E-4,0.07245944362801651,0.043613704160658136,1.539626657903012E-4
USA-SOB-SOU,3.7545967785852875E-5,1.611606740638917E-4,1.0427966629715139E-4,3.847083119508367E-4,7.23243769231487E-5,6.574849920289581E-5,1.707802971798369E-4,0.03011176008879877,6.798680900458885E-5,7.516398021134478E-5,1.1956173974946301E-4,4.28110625981853E-5,4.717986356255384E-5,2.8110999785385107E-4,0.0412399123358281,1.2175267531414148E-4,6.667326960798781E-5,0.23809160170791216,6.388820611827694E-5,7.052660306201432E-5,3.941544513844737E-5,4.109317302535017E-5,4.492727664191751E-5,9.37516213322067E-5,5.2376201094720324E-5,0.6377484953907155,4.055889786914402E-5,2.880475749558982E-4,7.984502783553399E-5,0.050175013258366166
USA-AL-BIR,1.1977613823215805E-4,7.99843941790707E-5,3.171790989719691E-5,7.077987069434908E-5,5.936451954917909E-5,6.835612829842548E-5,5.7079312790989006E-5,2.5943098782590152E-5,2.4788046024808463E-5,3.9646906079236725E-5,7.145545093414219E-5,1.0118990868013099E-4,3.6648827999153384E-5,2.8893940030277668E-5,2.6841382462266728E-5,3.746154348500288E-5,6.365271393664599E-5,2.2390202033281107E-5,2.834023596530872E-5,7.24868625159057E-5,7.003438970114867E-5,0.9985159379398851,3.849385594387537E-5,4.077800839312313E-5,3.319685423824664E-5,2.3245542844849013E-5,8.550588618953441E-5,4.3189895448725934E-5,3.768168297493837E-5,4.5138551810039326E-5
USA-BOS-CON,0.11562923283945162,2.7352223516892286E-5,-3.242257675179204E-5,0.8833639638818366,1.8153386443811017E-5,1.807622578876766E-5,2.097823965380168E-5,-1.4104435445382515E-5,3.4036081688344386E-4,2.0715943301320268E-6,1.3216812862572296E-6,1.3366664707238276E-5,5.4460092110083E-5,-2.1069203077343205E-5,1.9320624268520952E-5,2.2455831634580215E-5,2.9767567787533473E-5,-4.323722047861311E-6,-6.156807984674058E-6,-2.3681413032034854E-8,2.6625344288176835E-5,5.52757068425405E-5,7.414343282454545E-5,1.9408851252182847E-4,2.9600261300201512E-5,2.0788957506500894E-5,5.1895218169812894E-5,-2.144571438208541E-5,4.702989424215933E-5,3.921714370720576E-5
USA-ONE-ONE,3.43044782203214E-4,9.371269804428496E-5,2.387617414741146E-4,0.5606918420878043,5.253603391364984E-4,4.2255778291043277E-4,1.4968430301958344E-4,7.256476403191341E-5,0.23187262682658452,1.320662953689626E-4,3.88918859781967E-4,1.0193910065705977E-4,6.30064194654941E-5,0.0014026403914187326,7.60459164362564E-5,1.5222305992503566E-4,0.001527269841857236,7.094975059710308E-5,7.36168605408589E-5,4.0446862670054815E-5,0.018806974385954505,1.5937283913550557E-4,1.8208123885604213E-4,0.001372099721918357,5.608185789284218E-5,6.133610461883257E-5,0.18045624793331302,1.138234149952868E-4,1.5201186764277275E-4,2.006919517451671E-4
USA-RON-ROC,0.13377076938875568,7.595278456791599E-5,3.2520933313833384E-5,5.325228458250286E-5,5.186935128357943E-5,8.520207933969402E-4,1.9892113674602053E-4,6.236122293119855E-5,4.347819681890922E-5,0.8428948023587132,3.655315241731462E-5,1.3686929024834922E-4,9.849693868014205E-5,5.28329198289863E-5,0.020540147564881258,1.0647417458249432E-4,5.3945326239774195E-5,6.254059494224076E-5,6.543768435747255E-5,1.3917680186226192E-4,3.503302547968611E-5,3.689510819086804E-5,1.9787130804674492E-4,2.5656031159200267E-5,5.610366030316989E-5,3.088200046596899E-5,1.002939297231353E-4,5.0490464059831814E-5,1.0102693092262977E-4,3.732464249875013E-5
USA-SLT-SAL,0.04283226766881767,0.009229267732150796,0.027635652563097333,5.253168298578121E-5,5.891233167262563E-5,0.23385645738516794,8.13806843387995E-5,1.1018490702530625E-4,6.530852810602863E-5,1.5317488619048827E-4,1.6026231803507865E-4,6.10960033644278E-5,4.858429028617638E-5,0.005855277731482778,1.5516972250798492E-4,1.408257051308408E-4,1.8054550068098194E-4,1.0571215319007631E-4,0.1267208588928826,8.14822622509505E-5,8.94058796839787E-5,0.05752441920370016,0.043096151591349066,3.152273428501193E-5,1.458512642318891E-4,0.2866988310877613,0.16457634003911753,8.992453500653104E-5,9.236101205121428E-5,7.023970344869196E-5
