USA-KAP-KAP,0.0,0.0,0.0,0.0,0.0,0.0,0.0,0.0,0.0,0.0,0.0,0.0,1.0,50.0,0.0,0.0,0.0,0.0,0.0,0.0,0.0
USA-CTN-CON,0.0,0.0,0.0,0.0,0.0,0.0,0.0,0.0,0.0,0.0,0.0,0.0,1.0,725.0,0.0,0.0,0.0,0.0,0.0,0.0,0.0
USA-PHX-PHO,1.0,16.0,0.875,0.0,0.0,0.0,0.0,0.0,0.0,0.0,0.0,0.0,0.0,0.0,0.0,0.0,0.0,0.0,0.0,0.0,0.0
USA-SPO-SPO,0.0,0.0,0.0,0.0,0.0,0.0,0.0,0.0,0.0,0.0,0.0,0.0,1.0,759.928571429,0.0,0.0,0.0,0.0,0.0,0.0,0.0
USA-CTN-COR,0.0,0.0,0.0,0.0,0.0,0.0,0.0,0.0,0.0,0.0,0.0,0.0,1.0,800.0,0.0,0.0,0.0,0.0,0.0,0.0,0.0
USA-CLE-SOL,0.0,0.0,0.0,0.0,0.0,0.0,0.0,0.0,0.0,0.0,0.0,0.0,1.0,915.0,0.0,0.0,0.0,0.0,0.0,0.0,0.0
USA-PHI-WIM,0.0,0.0,0.0,0.0,0.0,0.0,0.0,0.0,0.0,0.0,0.0,0.0,1.0,850.0,0.0,0.0,0.0,0.0,0.0,0.0,0.0
USA-NYM-HAD,0.0,0.0,0.0,0.0,0.0,0.0,0.0,0.0,0.0,0.0,0.0,0.0,1.0,167867.0,0.0,0.0,0.0,0.0,0.0,0.0,0.0
USA-YOU-YOU,0.0344827586207,0.0,1.0,0.48275862069,6079.41666667,0.142857142857,0.0344827586207,0.0,1.0,0.0,0.0,0.0,0.0,0.0,0.0,0.0,0.0,0.0,0.448275862069,135.444444444,0.307692307692
USA-SCR-PIT,0.0,0.0,0.0,0.588235294118,5236.625,0.2,0.0588235294118,2000.0,0.0,0.0,0.0,0.0,0.0294117647059,0.0,1.0,0.0,0.0,0.0,0.323529411765,430.0,0.454545454545
USA-CIN-CIN,0.09375,45.0,0.933333333333,0.25625,6843.63333333,0.268292682927,0.01875,0.0,1.0,0.03125,0.0,1.0,0.075,749.0,0.5,0.0,0.0,0.0,0.525,365.792207792,0.0833333333333
USA-OSK-OSK,0.0,0.0,0.0,0.0,0.0,0.0,0.0,0.0,0.0,0.0,0.0,0.0,1.0,267.5,0.0,0.0,0.0,0.0,0.0,0.0,0.0
USA-LAX-RIV,0.0,0.0,0.0,0.0,0.0,0.0,0.0,0.0,0.0,0.0,0.0,0.0,1.0,75.0,0.0,0.0,0.0,0.0,0.0,0.0,0.0
USA-ORL-ORM,0.0,0.0,0.0,0.0,0.0,0.0,0.0,0.0,0.0,0.0,0.0,0.0,1.0,1225.0,0.0,0.0,0.0,0.0,0.0,0.0,0.0
USA-COE-SPI,0.0,0.0,0.0,0.0,0.0,0.0,0.0,0.0,0.0,0.0,0.0,0.0,1.0,600.0,0.0,0.0,0.0,0.0,0.0,0.0,0.0
USA-NAS-BRE,0.0,0.0,0.0,0.0,0.0,0.0,0.0,0.0,0.0,0.0,0.0,0.0,1.0,2400.0,0.0,0.0,0.0,0.0,0.0,0.0,0.0
USA-BRI-BRA,0.0,0.0,0.0,0.0,0.0,0.0,0.0,0.0,0.0,0.0,0.0,0.0,1.0,40.0,0.5,0.0,0.0,0.0,0.0,0.0,0.0
USA-PIF-GRE,0.0,0.0,0.0,0.0,0.0,0.0,0.0,0.0,0.0,0.0,0.0,0.0,1.0,500.0,0.0,0.0,0.0,0.0,0.0,0.0,0.0
USA-LAX-BRE,0.0,0.0,0.0,0.0,0.0,0.0,0.0,0.0,0.0,0.0,0.0,0.0,1.0,0.0,1.0,0.0,0.0,0.0,0.0,0.0,0.0
USA-HON-WAP,0.147239263804,0.0,1.0,0.312883435583,8558.97727273,0.137254901961,0.00613496932515,0.0,1.0,0.0674846625767,55.0,0.909090909091,0.0306748466258,923.8,0.0,0.0,0.0,0.0,0.435582822086,222.810344828,0.183098591549
USA-NEP-NEP,0.0,0.0,0.0,0.75,1016.66666667,0.0,0.0,0.0,0.0,0.0,0.0,0.0,0.0,0.0,0.0,0.0,0.0,0.0,0.25,1.0,0.0
USA-GES-AND,0.0408163265306,0.0,1.0,0.285714285714,5180.3,0.285714285714,0.0408163265306,0.0,1.0,0.0612244897959,80.0,0.666666666667,0.0204081632653,0.0,1.0,0.0,0.0,0.0,0.551020408163,298.5,0.259259259259
USA-WAS-SUI,0.0,0.0,0.0,0.0,0.0,0.0,0.0,0.0,0.0,0.0,0.0,0.0,1.0,1105.0,0.0,0.0,0.0,0.0,0.0,0.0,0.0
USA-SAB-SAB,0.0487804878049,0.0,1.0,0.121951219512,26998.0,0.8,0.0243902439024,0.0,1.0,0.268292682927,0.0,1.0,0.146341463415,847.5,0.333333333333,0.0,0.0,0.0,0.390243902439,88.0769230769,0.1875
USA-NYM-MED,0.0,0.0,0.0,0.0,0.0,0.0,0.0,0.0,0.0,0.0,0.0,0.0,1.0,217500.0,0.0,0.0,0.0,0.0,0.0,0.0,0.0
USA-JEF-JEF,0.0263157894737,0.0,1.0,0.236842105263,13282.75,0.111111111111,0.0,0.0,0.0,0.0789473684211,0.0,1.0,0.0,0.0,0.0,0.0,0.0,0.0,0.657894736842,205.833333333,0.04
USA-LAX-ORA,0.0,0.0,0.0,0.0,0.0,0.0,0.0,0.0,0.0,0.0,0.0,0.0,1.0,875.0,0.0,0.0,0.0,0.0,0.0,0.0,0.0
USA-CUO-DUB,0.0,0.0,0.0,0.0,0.0,0.0,0.0,0.0,0.0,0.0,0.0,0.0,1.0,1199.0,0.0,0.0,0.0,0.0,0.0,0.0,0.0
USA-MAW-MAD,0.10447761194,70.0,0.714285714286,0.119402985075,5370.71428571,0.125,0.0298507462687,0.0,1.0,0.044776119403,0.0,1.0,0.238805970149,43314.0,0.0625,0.0,0.0,0.0,0.462686567164,372.590909091,0.290322580645
USA-MOI-GUL,0.0,0.0,0.0,0.0,0.0,0.0,0.0,0.0,0.0,0.0,0.0,0.0,1.0,79.0,0.0,0.0,0.0,0.0,0.0,0.0,0.0
USA-LAX-NEB,0.0,0.0,0.0,0.0,0.0,0.0,0.0,0.0,0.0,0.0,0.0,0.0,1.0,530.6,0.0,0.0,0.0,0.0,0.0,0.0,0.0
USA-CLE-LOR,0.0,0.0,0.0,0.0,0.0,0.0,0.0,0.0,0.0,0.0,0.0,0.0,1.0,695.0,0.0,0.0,0.0,0.0,0.0,0.0,0.0
USA-TPA-PIE,0.0,0.0,0.0,0.0,0.0,0.0,0.0,0.0,0.0,0.0,0.0,0.0,1.0,641.666666667,0.0,0.0,0.0,0.0,0.0,0.0,0.0
USA-RCV-CHV,0.0,0.0,0.0,0.0,0.0,0.0,0.0,0.0,0.0,0.0,0.0,0.0,1.0,800.0,0.0,0.0,0.0,0.0,0.0,0.0,0.0
USA-SAB-LOM,0.0,0.0,0.0,0.0,0.0,0.0,0.0,0.0,0.0,0.0,0.0,0.0,1.0,1050.0,0.0,0.0,0.0,0.0,0.0,0.0,0.0
USA-KNO-KNO,0.0277777777778,0.0,1.0,0.388888888889,7419.69565217,0.178571428571,0.0416666666667,0.0,1.0,0.0694444444444,0.0,1.0,0.125,759.285714286,0.222222222222,0.0,0.0,0.0,0.347222222222,231.166666667,0.04
USA-HUS-HUN,0.0,0.0,0.0,0.0,0.0,0.0,0.0,0.0,0.0,0.0,0.0,0.0,1.0,550.0,0.0,0.0,0.0,0.0,0.0,0.0,0.0
USA-GRR-HUD,0.0,0.0,0.0,0.0,0.0,0.0,0.0,0.0,0.0,0.0,0.0,0.0,1.0,325.0,0.0,0.0,0.0,0.0,0.0,0.0,0.0
USA-CHT-CHT,0.016393442623,0.0,1.0,0.344262295082,7453.94117647,0.190476190476,0.0327868852459,0.0,1.0,0.0327868852459,0.0,1.0,0.0983606557377,850.0,0.833333333333,0.0,0.0,0.0,0.475409836066,236.115384615,0.103448275862
USA-FOC-LOV,0.0,0.0,0.0,0.0,0.0,0.0,0.0,0.0,0.0,0.0,0.0,0.0,1.0,189900.0,0.0,0.0,0.0,0.0,0.0,0.0,0.0
USA-MED-MED,0.0,0.0,0.0,0.0,0.0,0.0,0.0,0.0,0.0,0.0,0.0,0.0,1.0,26537.5,0.0,0.0,0.0,0.0,0.0,0.0,0.0
USA-IDO-COL,0.0,0.0,0.0,0.0,0.0,0.0,0.0,0.0,0.0,0.0,0.0,0.0,1.0,77400.0,0.0,0.0,0.0,0.0,0.0,0.0,0.0
USA-KAN-KAN,0.0793650793651,0.0,1.0,0.238095238095,8979.0,0.133333333333,0.111111111111,0.0,1.0,0.0634920634921,0.0,1.0,0.0634920634921,346.333333333,0.25,0.015873015873,0.0,1.0,0.428571428571,908.111111111,0.333333333333
USA-LAX-FUL,0.0,0.0,0.0,0.0,0.0,0.0,0.0,0.0,0.0,0.0,0.0,0.0,1.0,550.0,0.0,0.0,0.0,0.0,0.0,0.0,0.0
USA-DAL-WYL,0.0,0.0,0.0,0.0,0.0,0.0,0.0,0.0,0.0,0.0,0.0,0.0,1.0,16.0,0.0,0.0,0.0,0.0,0.0,0.0,0.0
USA-HOU-HOU,0.379310344828,0.0,1.0,0.0,0.0,0.0,0.103448275862,0.0,1.0,0.51724137931,25.3333333333,0.8,0.0,0.0,0.0,0.0,0.0,0.0,0.0,0.0,0.0
USA-NAS-COU,0.0,0.0,0.0,0.0,0.0,0.0,0.0,0.0,0.0,0.0,0.0,0.0,1.0,114733.0,0.0,0.0,0.0,0.0,0.0,0.0,0.0
USA-DES-DEM,0.0309278350515,0.0,1.0,0.525773195876,12083.0,0.078431372549,0.020618556701,0.0,1.0,0.0103092783505,0.0,1.0,0.0721649484536,24757.8571429,0.0,0.0,0.0,0.0,0.340206185567,178.36,0.242424242424
USA-SAC-ORA,0.0,0.0,0.0,0.0,0.0,0.0,0.0,0.0,0.0,0.0,0.0,0.0,1.0,895.0,0.0,0.0,0.0,0.0,0.0,0.0,0.0
USA-SAT-SAT,0.0571428571429,25.0,0.9,0.331428571429,13052.4411765,0.413793103448,0.0514285714286,0.0,1.0,0.0742857142857,213.0,0.846153846154,0.137142857143,32236.0,0.25,0.0,0.0,0.0,0.348571428571,1029.04545455,0.27868852459
USA-REN-SPA,0.0,0.0,0.0,0.0,0.0,0.0,0.0,0.0,0.0,0.0,0.0,0.0,1.0,675.0,0.0,0.0,0.0,0.0,0.0,0.0,0.0
USA-DET-ANN,0.075,0.0,1.0,0.35,3869.83333333,0.142857142857,0.025,0.0,1.0,0.0,0.0,0.0,0.05,799.0,0.5,0.0,0.0,0.0,0.5,181.923076923,0.35
USA-BUF-HAM,0.0,0.0,0.0,0.0,0.0,0.0,0.0,0.0,0.0,0.0,0.0,0.0,1.0,735.0,0.0,0.0,0.0,0.0,0.0,0.0,0.0
USA-PHI-WEG,0.0,0.0,0.0,0.0,0.0,0.0,0.0,0.0,0.0,0.0,0.0,0.0,1.0,1700.0,0.0,0.0,0.0,0.0,0.0,0.0,0.0
USA-COO-COL,0.0551181102362,24.0,0.857142857143,0.385826771654,11358.4,0.285714285714,0.0393700787402,0.0,1.0,0.0314960629921,0.0,1.0,0.149606299213,835.857142857,0.263157894737,0.0,0.0,0.0,0.338582677165,592.307692308,0.093023255814
USA-VIR-VIR,0.0,0.0,0.0,0.0,0.0,0.0,0.0,0.0,0.0,0.0,0.0,0.0,1.0,1201.0,0.0,0.0,0.0,0.0,0.0,0.0,0.0
USA-SHB-SHW,0.0,0.0,0.0,0.4,7079.75,0.0,0.05,0.0,1.0,0.05,0.0,1.0,0.0,0.0,0.0,0.0,0.0,0.0,0.5,184.3,0.0
USA-SAL-ARR,0.0,0.0,0.0,0.0,0.0,0.0,0.0,0.0,0.0,0.0,0.0,0.0,1.0,1500.0,0.0,0.0,0.0,0.0,0.0,0.0,0.0
USA-CRS-CHS,0.0208333333333,0.0,1.0,0.4375,7085.41666667,0.428571428571,0.0416666666667,0.0,1.0,0.03125,0.0,1.0,0.09375,941.111111111,0.0,0.0,0.0,0.0,0.375,274.142857143,0.222222222222
USA-STL-FEN,0.0,0.0,0.0,0.0,0.0,0.0,0.0,0.0,0.0,0.0,0.0,0.0,1.0,1750.0,0.0,0.0,0.0,0.0,0.0,0.0,0.0
USA-BOS-CHM,0.0,0.0,0.0,0.0,0.0,0.0,0.0,0.0,0.0,0.0,0.0,0.0,1.0,449500.0,0.0,0.0,0.0,0.0,0.0,0.0,0.0
USA-TLS-TUL,0.194444444444,0.0,1.0,0.194444444444,4474.0,0.285714285714,0.25,0.0,1.0,0.0555555555556,0.0,1.0,0.194444444444,554.8,0.285714285714,0.0277777777778,0.0,1.0,0.0833333333333,283.0,0.0
USA-NYM-FAN,0.161290322581,0.0,1.0,0.177419354839,3413.75,0.272727272727,0.0322580645161,0.0,1.0,0.177419354839,0.0,1.0,0.209677419355,91011.0769231,0.0,0.0,0.0,0.0,0.241935483871,148.0,0.6
USA-MIA-MIF,0.0,0.0,0.0,0.0,0.0,0.0,0.0,0.0,0.0,0.0,0.0,0.0,1.0,1325.0,0.0,0.0,0.0,0.0,0.0,0.0,0.0
USA-MIA-MIB,0.0,0.0,0.0,0.0,0.0,0.0,0.0,0.0,0.0,0.0,0.0,0.0,1.0,1150.0,0.0,0.0,0.0,0.0,0.0,0.0,0.0
USA-OKL-WAN,0.0,0.0,0.0,0.3,5609.0,0.0,0.1,0.0,1.0,0.2,0.0,1.0,0.0,0.0,0.0,0.0,0.0,0.0,0.4,1.0,0.5
USA-BOS-CHT,0.0,0.0,0.0,0.0,0.0,0.0,0.0,0.0,0.0,0.0,0.0,0.0,1.0,0.0,1.0,0.0,0.0,0.0,0.0,0.0,0.0
USA-COP-COR,0.0701754385965,0.0,1.0,0.631578947368,11746.4375,0.555555555556,0.0,0.0,0.0,0.0175438596491,0.0,1.0,0.0877192982456,269.4,0.0,0.0,0.0,0.0,0.19298245614,262.0,0.0909090909091
USA-LAX-NWE,0.044776119403,0.0,1.0,0.283582089552,6992.16666667,0.0526315789474,0.0597014925373,0.0,1.0,0.134328358209,39.0,0.888888888889,0.044776119403,50832.6666667,0.0,0.0,0.0,0.0,0.432835820896,164.08,0.137931034483
USA-DAL-ROC,0.0,0.0,0.0,0.0,0.0,0.0,0.0,0.0,0.0,0.0,0.0,0.0,1.0,600.0,0.0,0.0,0.0,0.0,0.0,0.0,0.0
USA-OCA-OCA,0.121212121212,0.0,1.0,0.212121212121,8349.33333333,0.142857142857,0.0909090909091,0.0,1.0,0.0606060606061,2.0,0.5,0.212121212121,40386.4285714,0.0,0.0,0.0,0.0,0.30303030303,418.5,0.2
USA-AGM-WAT,0.0,0.0,0.0,0.0,0.0,0.0,0.0,0.0,0.0,0.0,0.0,0.0,1.0,650.0,0.0,0.0,0.0,0.0,0.0,0.0,0.0
USA-MAY-MAV,0.0,0.0,0.0,0.0,0.0,0.0,0.0,0.0,0.0,0.0,0.0,0.0,1.0,400.0,0.0,0.0,0.0,0.0,0.0,0.0,0.0
USA-MAW-MOU,0.0,0.0,0.0,0.0,0.0,0.0,0.0,0.0,0.0,0.0,0.0,0.0,1.0,234900.0,0.0,0.0,0.0,0.0,0.0,0.0,0.0
USA-CIN-ERL,0.0,0.0,0.0,0.0,0.0,0.0,0.0,0.0,0.0,0.0,0.0,0.0,1.0,689.0,0.0,0.0,0.0,0.0,0.0,0.0,0.0
USA-CRS-MOU,0.0,0.0,0.0,0.0,0.0,0.0,0.0,0.0,0.0,0.0,0.0,0.0,1.0,1175.0,0.0,0.0,0.0,0.0,0.0,0.0,0.0
USA-DAL-ROY,0.142857142857,0.0,1.0,0.285714285714,2599.0,0.5,0.0,0.0,0.0,0.0,0.0,0.0,0.0,0.0,0.0,0.0,0.0,0.0,0.571428571429,0.0,1.0
USA-DET-SAL,0.0,0.0,0.0,0.0,0.0,0.0,0.0,0.0,0.0,0.0,0.0,0.0,1.0,0.0,1.0,0.0,0.0,0.0,0.0,0.0,0.0
USA-ORL-ORL,0.333333333333,0.0,1.0,0.0,0.0,0.0,0.222222222222,0.0,1.0,0.111111111111,0.0,1.0,0.111111111111,650.0,0.0,0.111111111111,0.0,1.0,0.111111111111,0.0,1.0
USA-DAL-DLL,0.214532871972,116.666666667,0.951612903226,0.0,0.0,0.0,0.0276816608997,0.0,1.0,0.00692041522491,0.0,1.0,0.747404844291,28025.0,0.115740740741,0.00346020761246,0.0,1.0,0.0,0.0,0.0
USA-GSO-WIN,0.047619047619,25.0,0.5,0.261904761905,4790.0,0.363636363636,0.0,0.0,0.0,0.0238095238095,0.0,1.0,0.0238095238095,697.0,0.0,0.0,0.0,0.0,0.642857142857,359.3,0.259259259259
USA-MED-ASH,0.016393442623,0.0,1.0,0.590163934426,6830.6875,0.111111111111,0.0655737704918,0.0,1.0,0.0,0.0,0.0,0.016393442623,500.0,0.0,0.016393442623,0.0,1.0,0.295081967213,207.571428571,0.222222222222
USA-WAS-WSD,0.204545454545,0.0,1.0,0.136363636364,7877.5,0.333333333333,0.0227272727273,0.0,1.0,0.340909090909,70.0,0.933333333333,0.181818181818,93412.5,0.0,0.0,0.0,0.0,0.113636363636,65.25,0.2
USA-BOI-BOI,0.0240963855422,0.0,1.0,0.385542168675,8312.6,0.21875,0.0361445783133,20.0,0.666666666667,0.0722891566265,0.0,1.0,0.120481927711,110259.777778,0.1,0.0,0.0,0.0,0.361445783133,138.791666667,0.2
USA-LAS-LAS,0.147368421053,15.0,0.928571428571,0.252631578947,4739.42857143,0.125,0.0736842105263,0.0,1.0,0.242105263158,38.3333333333,0.869565217391,0.157894736842,108130.0,0.133333333333,0.0,0.0,0.0,0.126315789474,251.5,0.166666666667
USA-LAX-TUS,0.0,0.0,0.0,0.0,0.0,0.0,0.0,0.0,0.0,0.0,0.0,0.0,1.0,1865.0,0.0,0.0,0.0,0.0,0.0,0.0,0.0
USA-SAC-ELK,0.0,0.0,0.0,0.0,0.0,0.0,0.0,0.0,0.0,0.0,0.0,0.0,1.0,1013.5,0.0,0.0,0.0,0.0,0.0,0.0,0.0
USA-RAL-HOL,0.0,0.0,0.0,0.0,0.0,0.0,0.0,0.0,0.0,0.0,0.0,0.0,1.0,1067.0,0.0,0.0,0.0,0.0,0.0,0.0,0.0
USA-DAL-FOT,0.0,0.0,0.0,0.0,0.0,0.0,0.0,0.0,0.0,0.0,0.0,0.0,1.0,74104.2857143,0.0,0.0,0.0,0.0,0.0,0.0,0.0
USA-LAX-COC,0.0,0.0,0.0,0.0,0.0,0.0,0.0,0.0,0.0,0.0,0.0,0.0,1.0,290000.0,0.0,0.0,0.0,0.0,0.0,0.0,0.0
USA-ROE-ROS,0.0,0.0,0.0,0.52,5500.0,0.0,0.0,0.0,0.0,0.04,0.0,1.0,0.12,85866.6666667,0.0,0.0,0.0,0.0,0.32,1835.83333333,0.25
USA-LAX-COS,0.0,0.0,0.0,0.0,0.0,0.0,0.0,0.0,0.0,0.0,0.0,0.0,1.0,1399.5,0.0,0.0,0.0,0.0,0.0,0.0,0.0
USA-PIT-MNR,0.0,0.0,0.0,0.0,0.0,0.0,0.0,0.0,0.0,0.0,0.0,0.0,1.0,1500.0,0.0,0.0,0.0,0.0,0.0,0.0,0.0
USA-LAX-SAU,0.0,0.0,0.0,0.0,0.0,0.0,0.0,0.0,0.0,0.0,0.0,0.0,1.0,1825.0,0.0,0.0,0.0,0.0,0.0,0.0,0.0
USA-FAN-FAY,0.0,0.0,0.0,0.451612903226,1900.0,0.75,0.0806451612903,0.0,1.0,0.0483870967742,0.0,1.0,0.0,0.0,0.0,0.0,0.0,0.0,0.41935483871,211.8,0.230769230769
USA-MSE-MOS,0.0,0.0,0.0,0.714285714286,14413.8333333,0.4,0.0,0.0,0.0,0.0,0.0,0.0,0.0714285714286,50000.0,0.0,0.0,0.0,0.0,0.214285714286,2378.33333333,0.0
USA-MAS-MAS,0.166666666667,0.0,1.0,0.333333333333,3800.0,0.0,0.0,0.0,0.0,0.0,0.0,0.0,0.0,0.0,0.0,0.0,0.0,0.0,0.5,9733.33333333,0.0
USA-POT-GIR,0.0,0.0,0.0,0.0,0.0,0.0,0.0,0.0,0.0,0.0,0.0,0.0,1.0,100.0,0.0,0.0,0.0,0.0,0.0,0.0,0.0
USA-LAX-SAB,0.0,0.0,0.0,0.0,0.0,0.0,0.0,0.0,0.0,0.0,0.0,0.0,1.0,525.0,0.0,0.0,0.0,0.0,0.0,0.0,0.0
USA-CLE-ASH,0.0,0.0,0.0,0.7,1504.0,0.285714285714,0.0,0.0,0.0,0.0,0.0,0.0,0.0,0.0,0.0,0.0,0.0,0.0,0.3,500.0,0.333333333333
USA-MEA-MEA,0.0,0.0,0.0,0.0,0.0,0.0,0.0,0.0,0.0,0.0,0.0,0.0,0.0,0.0,0.0,1.0,0.0,1.0,0.0,0.0,0.0
USA-KAN-IND,0.0,0.0,0.0,0.0,0.0,0.0,0.0,0.0,0.0,0.0,0.0,0.0,1.0,625.0,0.0,0.0,0.0,0.0,0.0,0.0,0.0
USA-CIN-WEC,0.0,0.0,0.0,0.0,0.0,0.0,0.0,0.0,0.0,0.0,0.0,0.0,1.0,779.0,0.666666666667,0.0,0.0,0.0,0.0,0.0,0.0
USA-LAX-BAR,0.0,0.0,0.0,0.0,0.0,0.0,0.0,0.0,0.0,0.0,0.0,0.0,1.0,0.0,1.0,0.0,0.0,0.0,0.0,0.0,0.0
USA-KAN-LEN,0.0,0.0,0.0,0.0,0.0,0.0,0.0,0.0,0.0,0.0,0.0,0.0,1.0,600.0,0.5,0.0,0.0,0.0,0.0,0.0,0.0
USA-BUF-NIA,0.0,0.0,0.0,0.0,0.0,0.0,0.0,0.0,0.0,0.0,0.0,0.0,1.0,229900.0,0.0,0.0,0.0,0.0,0.0,0.0,0.0
USA-TLS-BRO,0.0,0.0,0.0,0.0,0.0,0.0,0.0,0.0,0.0,0.0,0.0,0.0,1.0,128534.5,0.0,0.0,0.0,0.0,0.0,0.0,0.0
USA-FOC-WEL,0.0,0.0,0.0,0.0,0.0,0.0,0.0,0.0,0.0,0.0,0.0,0.0,1.0,1100.0,0.0,0.0,0.0,0.0,0.0,0.0,0.0
USA-GEB-GRB,0.0,0.0,0.0,0.346153846154,4973.15789474,0.296296296296,0.0,0.0,0.0,0.0,0.0,0.0,0.0,0.0,0.0,0.0,0.0,0.0,0.653846153846,484.818181818,0.56862745098
USA-NOI-NEW,0.0,0.0,0.0,0.0,0.0,0.0,0.0,0.0,0.0,0.0,0.0,0.0,1.0,100.0,0.0,0.0,0.0,0.0,0.0,0.0,0.0
USA-GAF-GRN,0.166666666667,0.0,1.0,0.5,6470.0,0.0,0.0,0.0,0.0,0.333333333333,0.0,1.0,0.0,0.0,0.0,0.0,0.0,0.0,0.0,0.0,0.0
USA-NEO-COV,0.0,0.0,0.0,0.0,0.0,0.0,0.0,0.0,0.0,0.0,0.0,0.0,1.0,400.0,0.0,0.0,0.0,0.0,0.0,0.0,0.0
USA-DEC-DEC,0.0909090909091,0.0,1.0,0.636363636364,2552.16666667,0.142857142857,0.181818181818,0.0,1.0,0.0,0.0,0.0,0.0,0.0,0.0,0.0,0.0,0.0,0.0909090909091,15.0,0.0
USA-NYM-HIP,0.0,0.0,0.0,0.0,0.0,0.0,0.0,0.0,0.0,0.0,0.0,0.0,1.0,900.0,0.0,0.0,0.0,0.0,0.0,0.0,0.0
USA-JAF-JAF,0.0277777777778,0.0,1.0,0.166666666667,1482.22222222,0.25,0.0277777777778,0.0,1.0,0.0972222222222,0.0,1.0,0.208333333333,796.133333333,0.0,0.0138888888889,0.0,1.0,0.458333333333,115.851851852,0.181818181818
USA-NYM-JES,0.0,0.0,0.0,0.0,0.0,0.0,0.0,0.0,0.0,0.0,0.0,0.0,1.0,1860.8,0.0,0.0,0.0,0.0,0.0,0.0,0.0
USA-CLS-COL,0.0645161290323,0.0,1.0,0.370967741935,7469.21052632,0.173913043478,0.0645161290323,0.0,1.0,0.0645161290323,0.0,1.0,0.129032258065,671.875,0.0,0.0,0.0,0.0,0.306451612903,2570.58823529,0.105263157895
USA-PHI-GIB,0.3,0.0,1.0,0.0,0.0,0.0,0.0333333333333,0.0,1.0,0.366666666667,0.0,1.0,0.2,1670.0,0.166666666667,0.0,0.0,0.0,0.1,300.0,0.666666666667
USA-WAS-DUD,0.0,0.0,0.0,0.0,0.0,0.0,0.0,0.0,0.0,0.0,0.0,0.0,1.0,1400.0,0.0,0.0,0.0,0.0,0.0,0.0,0.0
USA-WAS-BAT,0.208333333333,0.0,1.0,0.138888888889,1195.0,0.4,0.0138888888889,0.0,1.0,0.0833333333333,0.0,1.0,0.0694444444444,419.6,0.0,0.0138888888889,0.0,1.0,0.472222222222,301.038461538,0.235294117647
USA-CHS-CHA,0.0833333333333,0.0,1.0,0.194444444444,15515.6666667,0.142857142857,0.0277777777778,0.0,1.0,0.0,0.0,0.0,0.0833333333333,1458.33333333,0.0,0.0,0.0,0.0,0.611111111111,73.1538461538,0.409090909091
USA-SAC-FOL,0.0,0.0,0.0,0.0,0.0,0.0,0.0,0.0,0.0,0.0,0.0,0.0,1.0,940.0,0.0,0.0,0.0,0.0,0.0,0.0,0.0
USA-TN-TEL,0.0,0.0,0.0,0.0,0.0,0.0,0.0,0.0,0.0,0.0,0.0,0.0,1.0,3000.0,0.0,0.0,0.0,0.0,0.0,0.0,0.0
USA-SAE-SAL,0.0336134453782,0.0,1.0,0.453781512605,10947.925,0.259259259259,0.0,0.0,0.0,0.0672268907563,0.0,1.0,0.0924369747899,6997.5,0.454545454545,0.0,0.0,0.0,0.352941176471,150.323529412,0.190476190476
USA-ELP-ELP,0.056338028169,0.0,1.0,0.295774647887,4562.73333333,0.285714285714,0.154929577465,150.0,0.818181818182,0.0422535211268,0.0,1.0,0.12676056338,66876.875,0.111111111111,0.0,0.0,0.0,0.323943661972,84.0714285714,0.391304347826
USA-FOC-FOR,0.169491525424,0.0,1.0,0.237288135593,7480.0,0.357142857143,0.0338983050847,0.0,1.0,0.0847457627119,0.0,1.0,0.0338983050847,1097.5,0.0,0.0,0.0,0.0,0.440677966102,193.52173913,0.115384615385
USA-SOB-SOU,0.0243902439024,0.0,1.0,0.292682926829,4931.81818182,0.0833333333333,0.0975609756098,0.0,1.0,0.0243902439024,0.0,1.0,0.0487804878049,1175.0,0.0,0.0,0.0,0.0,0.512195121951,579.058823529,0.190476190476
USA-MIW-GER,0.0,0.0,0.0,0.0,0.0,0.0,0.0,0.0,0.0,0.0,0.0,0.0,1.0,50.0,0.0,0.0,0.0,0.0,0.0,0.0,0.0
USA-TPA-TAM,0.138888888889,0.0,1.0,0.0,0.0,0.0,0.0,0.0,0.0,0.305555555556,0.0,1.0,0.555555555556,30668.8333333,0.1,0.0,0.0,0.0,0.0,0.0,0.0
USA-VIR-SUF,0.0454545454545,0.0,1.0,0.345454545455,8305.04347826,0.394736842105,0.00909090909091,0.0,1.0,0.0909090909091,40.0,0.9,0.0181818181818,300.0,0.5,0.0,0.0,0.0,0.490909090909,145.813953488,0.203703703704
USA-LAX-RAM,0.0,0.0,0.0,0.0,0.0,0.0,0.0,0.0,0.0,0.0,0.0,0.0,1.0,1200.0,0.0,0.0,0.0,0.0,0.0,0.0,0.0
USA-COL-COL,0.046511627907,0.0,1.0,0.255813953488,5879.375,0.272727272727,0.0,0.0,0.0,0.0232558139535,0.0,1.0,0.0232558139535,585.0,0.0,0.0,0.0,0.0,0.651162790698,240.454545455,0.214285714286
USA-RAL-WAK,0.264705882353,0.0,1.0,0.117647058824,33999.0,0.5,0.235294117647,0.0,1.0,0.205882352941,0.0,1.0,0.176470588235,632.666666667,0.0,0.0,0.0,0.0,0.0,0.0,0.0
USA-NYM-BRT,0.0,0.0,0.0,0.0,0.0,0.0,0.0,0.0,0.0,0.0,0.0,0.0,1.0,500.0,0.0,0.0,0.0,0.0,0.0,0.0,0.0
USA-LAX-RAC,0.0,0.0,0.0,0.0,0.0,0.0,0.0,0.0,0.0,0.0,0.0,0.0,1.0,590.0,0.0,0.0,0.0,0.0,0.0,0.0,0.0
USA-GRR-GRR,0.0153846153846,0.0,1.0,0.261538461538,9467.94117647,0.0,0.0461538461538,0.0,1.0,0.123076923077,0.0,1.0,0.0,0.0,0.0,0.0,0.0,0.0,0.553846153846,321.607142857,0.222222222222
USA-DAL-DES,0.0,0.0,0.0,0.0,0.0,0.0,0.0,0.0,0.0,0.0,0.0,0.0,1.0,683.0,0.0,0.0,0.0,0.0,0.0,0.0,0.0
USA-REN-REN,0.0769230769231,0.0,1.0,0.410256410256,6581.86666667,0.53125,0.0384615384615,55.0,0.666666666667,0.0897435897436,0.0,1.0,0.153846153846,364.166666667,0.5,0.0,0.0,0.0,0.230769230769,161.857142857,0.222222222222
USA-NYM-OAV,0.0,0.0,0.0,0.0,0.0,0.0,0.0,0.0,0.0,0.0,0.0,0.0,1.0,25000.0,0.0,0.0,0.0,0.0,0.0,0.0,0.0
USA-LAX-LAN,0.0,0.0,0.0,0.0,0.0,0.0,0.0,0.0,0.0,0.0,0.0,0.0,1.0,1623.66666667,0.0,0.0,0.0,0.0,0.0,0.0,0.0
USA-PHI-PEG,0.0,0.0,0.0,0.0,0.0,0.0,0.0,0.0,0.0,0.0,0.0,0.0,1.0,1300.0,0.0,0.0,0.0,0.0,0.0,0.0,0.0
USA-HRT-WEF,0.0,0.0,0.0,0.0,0.0,0.0,0.0,0.0,0.0,0.0,0.0,0.0,1.0,1450.0,0.0,0.0,0.0,0.0,0.0,0.0,0.0
USA-SAC-MAT,0.0,0.0,0.0,0.0,0.0,0.0,0.0,0.0,0.0,0.0,0.0,0.0,1.0,1595.0,0.0,0.0,0.0,0.0,0.0,0.0,0.0
USA-MOI-MOB,0.0545454545455,0.0,1.0,0.545454545455,7302.23809524,0.3,0.0545454545455,0.0,1.0,0.0181818181818,0.0,1.0,0.0545454545455,110760.0,0.0,0.0,0.0,0.0,0.272727272727,6602.5,0.0666666666667
USA-SEF-FRA,0.0,0.0,0.0,0.0,0.0,0.0,0.0,0.0,0.0,0.0,0.0,0.0,1.0,1125.0,0.0,0.0,0.0,0.0,0.0,0.0,0.0
USA-FON-BRA,0.0166666666667,0.0,1.0,0.433333333333,5847.19230769,0.0,0.0333333333333,0.0,1.0,0.0333333333333,0.0,1.0,0.0833333333333,108921.8,0.0,0.0,0.0,0.0,0.4,368.428571429,0.125
USA-MAW-BAA,0.0,0.0,0.0,0.0,0.0,0.0,0.0,0.0,0.0,0.0,0.0,0.0,1.0,118000.0,0.0,0.0,0.0,0.0,0.0,0.0,0.0
USA-MAW-BAN,0.0,0.0,0.0,0.0,0.0,0.0,0.0,0.0,0.0,0.0,0.0,0.0,1.0,99700.0,0.0,0.0,0.0,0.0,0.0,0.0,0.0
USA-WAS-ARL,0.0,0.0,0.0,0.0,0.0,0.0,0.0,0.0,0.0,0.0,0.0,0.0,1.0,2044.0,0.0,0.0,0.0,0.0,0.0,0.0,0.0
USA-PHI-WAT,0.0,0.0,0.0,0.0,0.0,0.0,0.0,0.0,0.0,0.0,0.0,0.0,1.0,435000.0,0.0,0.0,0.0,0.0,0.0,0.0,0.0
USA-SYR-KIR,0.0,0.0,0.0,0.0,0.0,0.0,0.0,0.0,0.0,0.0,0.0,0.0,1.0,725.0,0.0,0.0,0.0,0.0,0.0,0.0,0.0
USA-PHI-MEF,0.134615384615,0.0,1.0,0.384615384615,4812.34285714,0.125,0.00961538461538,0.0,1.0,0.0576923076923,0.0,1.0,0.0865384615385,946.75,0.555555555556,0.0,0.0,0.0,0.326923076923,11282.0357143,0.176470588235
USA-SLT-PAC,0.0,0.0,0.0,0.0,0.0,0.0,0.0,0.0,0.0,0.0,0.0,0.0,1.0,189.0,0.0,0.0,0.0,0.0,0.0,0.0,0.0
USA-NYM-RON,0.1,0.0,1.0,0.42,13004.1176471,0.190476190476,0.0,0.0,0.0,0.02,0.0,1.0,0.2,148469.5,0.0,0.0,0.0,0.0,0.26,2215.6,0.230769230769
USA-DEN-BOU,0.089552238806,0.0,1.0,0.194029850746,14550.6666667,0.307692307692,0.0,0.0,0.0,0.044776119403,0.0,1.0,0.194029850746,60802.2,0.230769230769,0.0,0.0,0.0,0.477611940299,185.535714286,0.125
USA-WAS-FRS,0.027027027027,0.0,1.0,0.297297297297,1140.0,0.545454545455,0.0,0.0,0.0,0.0,0.0,0.0,0.027027027027,925.0,0.0,0.0,0.0,0.0,0.648648648649,209.894736842,0.208333333333
USA-WAS-FRM,0.0555555555556,0.0,1.0,0.5,2526.75,0.111111111111,0.0,0.0,0.0,0.0555555555556,0.0,1.0,0.0,0.0,0.0,0.0,0.0,0.0,0.388888888889,1050.0,0.142857142857
USA-CIN-WAL,0.0,0.0,0.0,0.0,0.0,0.0,0.0,0.0,0.0,0.0,0.0,0.0,1.0,835.0,0.0,0.0,0.0,0.0,0.0,0.0,0.0
USA-GES-PEN,0.0,0.0,0.0,0.0,0.0,0.0,0.0,0.0,0.0,0.0,0.0,0.0,1.0,850.0,0.0,0.0,0.0,0.0,0.0,0.0,0.0
USA-WAS-ALE,0.0,0.0,0.0,0.0,0.0,0.0,0.0,0.0,0.0,0.0,0.0,0.0,1.0,1399.0,0.0,0.0,0.0,0.0,0.0,0.0,0.0
USA-LAX-OXN,0.0,0.0,0.0,0.0,0.0,0.0,0.0,0.0,0.0,0.0,0.0,0.0,1.0,550.0,0.333333333333,0.0,0.0,0.0,0.0,0.0,0.0
USA-DAL-PLA,0.0,0.0,0.0,0.0,0.0,0.0,0.0,0.0,0.0,0.0,0.0,0.0,1.0,755.714285714,0.125,0.0,0.0,0.0,0.0,0.0,0.0
USA-SAV-HIN,0.0238095238095,0.0,1.0,0.357142857143,8553.85714286,0.0666666666667,0.0714285714286,0.0,1.0,0.0238095238095,0.0,1.0,0.0,0.0,0.0,0.047619047619,0.0,1.0,0.47619047619,392.533333333,0.25
USA-VIR-CHE,0.0,0.0,0.0,0.0,0.0,0.0,0.0,0.0,0.0,0.0,0.0,0.0,1.0,189.0,0.0,0.0,0.0,0.0,0.0,0.0,0.0
USA-LAX-IRV,0.133333333333,0.0,1.0,0.0,0.0,0.0,0.0666666666667,100.0,0.833333333333,0.266666666667,68.6,0.791666666667,0.522222222222,664028.948718,0.170212765957,0.0,0.0,0.0,0.0111111111111,0.0,1.0
USA-MIW-MEN,0.0,0.0,0.0,0.0,0.0,0.0,0.0,0.0,0.0,0.0,0.0,0.0,1.0,1000.0,0.0,0.0,0.0,0.0,0.0,0.0,0.0
USA-NYM-NPA,0.0,0.0,0.0,0.0,0.0,0.0,0.0,0.0,0.0,0.0,0.0,0.0,1.0,280000.0,0.0,0.0,0.0,0.0,0.0,0.0,0.0
USA-SAC-SAC,0.0451612903226,0.0,1.0,0.135483870968,5637.88235294,0.190476190476,0.0258064516129,0.0,1.0,0.161290322581,0.0,1.0,0.367741935484,28401.1111111,0.210526315789,0.00645161290323,0.0,1.0,0.258064516129,635.133333333,0.25
USA-KAI-KAL,0.0,0.0,0.0,0.363636363636,15366.6666667,0.25,0.0,0.0,0.0,0.0,0.0,0.0,0.181818181818,250000.0,0.0,0.0,0.0,0.0,0.454545454545,136.666666667,0.4
USA-PLM-MIM,0.0,0.0,0.0,0.0,0.0,0.0,0.0,0.0,0.0,0.0,0.0,0.0,1.0,325.0,0.0,0.0,0.0,0.0,0.0,0.0,0.0
USA-CLE-AKR,0.0247933884298,0.0,1.0,0.454545454545,6343.3,0.272727272727,0.0165289256198,0.0,1.0,0.0330578512397,0.0,1.0,0.0165289256198,585.0,0.0,0.0,0.0,0.0,0.454545454545,1004.27083333,0.127272727273
USA-SAC-POL,0.0,0.0,0.0,0.0,0.0,0.0,0.0,0.0,0.0,0.0,0.0,0.0,1.0,49390.0,0.0,0.0,0.0,0.0,0.0,0.0,0.0
USA-NH-SAN,0.0,0.0,0.0,0.0,0.0,0.0,0.0,0.0,0.0,0.0,0.0,0.0,1.0,1450.0,0.0,0.0,0.0,0.0,0.0,0.0,0.0
USA-MYR-MYR,0.0571428571429,0.0,1.0,0.342857142857,5208.125,0.333333333333,0.0285714285714,0.0,1.0,0.0285714285714,0.0,1.0,0.142857142857,650.25,0.2,0.0,0.0,0.0,0.4,667.214285714,0.0
USA-LAX-GAG,0.0,0.0,0.0,0.0,0.0,0.0,0.0,0.0,0.0,0.0,0.0,0.0,1.0,1266.0,0.0,0.0,0.0,0.0,0.0,0.0,0.0
USA-BRI-BAC,0.0769230769231,800.0,0.0,0.384615384615,35530.2,0.0,0.0,0.0,0.0,0.0,0.0,0.0,0.0769230769231,450.0,0.0,0.0,0.0,0.0,0.461538461538,520.0,0.333333333333
USA-CIN-FAI,0.0,0.0,0.0,0.0,0.0,0.0,0.0,0.0,0.0,0.0,0.0,0.0,1.0,0.0,1.0,0.0,0.0,0.0,0.0,0.0,0.0
USA-RAL-CAY,0.0,0.0,0.0,0.0,0.0,0.0,0.0,0.0,0.0,0.0,0.0,0.0,1.0,723.0,0.0,0.0,0.0,0.0,0.0,0.0,0.0
USA-ROF-ROF,0.0555555555556,0.0,1.0,0.388888888889,4518.69230769,0.0714285714286,0.0555555555556,0.0,1.0,0.0,0.0,0.0,0.0,0.0,0.0,0.0,0.0,0.0,0.5,63.3846153846,0.277777777778
USA-KNO-KOD,0.0,0.0,0.0,0.0,0.0,0.0,0.0,0.0,0.0,0.0,0.0,0.0,1.0,135000.0,0.0,0.0,0.0,0.0,0.0,0.0,0.0
USA-BOS-PAW,0.0,0.0,0.0,0.0,0.0,0.0,0.0,0.0,0.0,0.0,0.0,0.0,1.0,650.0,0.0,0.0,0.0,0.0,0.0,0.0,0.0
USA-RCV-HEN,0.0,0.0,0.0,0.0,0.0,0.0,0.0,0.0,0.0,0.0,0.0,0.0,1.0,655.0,0.0,0.0,0.0,0.0,0.0,0.0,0.0
USA-LAX-PAE,0.0,0.0,0.0,0.0,0.0,0.0,0.0,0.0,0.0,0.0,0.0,0.0,1.0,1265.0,0.0,0.0,0.0,0.0,0.0,0.0,0.0
USA-VIR-HAM,0.0,0.0,0.0,0.0,0.0,0.0,0.0,0.0,0.0,0.0,0.0,0.0,1.0,887.0,0.0,0.0,0.0,0.0,0.0,0.0,0.0
USA-LEK-LEX,0.111111111111,0.0,1.0,0.396825396825,2645.57894737,0.24,0.031746031746,60.0,0.5,0.015873015873,0.0,1.0,0.0634920634921,26698.75,0.0,0.0,0.0,0.0,0.380952380952,230.761904762,0.125
USA-MIN-MIA,0.0,0.0,0.0,0.0,0.0,0.0,0.0,0.0,0.0,0.0,0.0,0.0,1.0,1450.0,0.0,0.0,0.0,0.0,0.0,0.0,0.0
USA-BOS-FAL,0.0384615384615,0.0,1.0,0.269230769231,16170.75,0.428571428571,0.0,0.0,0.0,0.0384615384615,0.0,1.0,0.0384615384615,100.0,0.0,0.0,0.0,0.0,0.615384615385,235.357142857,0.125
USA-WAS-BOW,0.0,0.0,0.0,0.0,0.0,0.0,0.0,0.0,0.0,0.0,0.0,0.0,1.0,1928.0,0.0,0.0,0.0,0.0,0.0,0.0,0.0
USA-CIN-HAI,0.0,0.0,0.0,0.0,0.0,0.0,0.0,0.0,0.0,0.0,0.0,0.0,1.0,1950.0,0.0,0.0,0.0,0.0,0.0,0.0,0.0
USA-TPA-SAI,0.0,0.0,0.0,0.0,0.0,0.0,0.0,0.0,0.0,0.0,0.0,0.0,1.0,626.0,0.0,0.0,0.0,0.0,0.0,0.0,0.0
USA-HAP-HAR,0.046875,0.0,1.0,0.296875,2681.66666667,0.210526315789,0.046875,0.0,1.0,0.015625,0.0,1.0,0.0625,57133.3333333,0.25,0.0,0.0,0.0,0.53125,158.64,0.264705882353
USA-SAR-PAR,0.0,0.0,0.0,0.0,0.0,0.0,0.0,0.0,0.0,0.0,0.0,0.0,1.0,230900.0,0.0,0.0,0.0,0.0,0.0,0.0,0.0
USA-NAS-NAS,0.134615384615,0.0,1.0,0.211538461538,3550.71428571,0.0454545454545,0.0576923076923,0.0,1.0,0.0384615384615,50.0,0.75,0.125,314190.0,0.230769230769,0.0,0.0,0.0,0.432692307692,489.433333333,0.333333333333
USA-FOW-FOR,0.0153846153846,0.0,1.0,0.507692307692,8896.71875,0.030303030303,0.0153846153846,0.0,1.0,0.0153846153846,0.0,1.0,0.0,0.0,0.0,0.0,0.0,0.0,0.446153846154,222.142857143,0.275862068966
USA-SAC-RAN,0.0,0.0,0.0,0.0,0.0,0.0,0.0,0.0,0.0,0.0,0.0,0.0,1.0,88074.0,0.0,0.0,0.0,0.0,0.0,0.0,0.0
USA-AGM-MON,0.0,0.0,0.0,0.0,0.0,0.0,0.0,0.0,0.0,0.0,0.0,0.0,1.0,63000.0,0.0,0.0,0.0,0.0,0.0,0.0,0.0
USA-AUT-AUS,0.317073170732,0.0,1.0,0.0487804878049,0.0,1.0,0.0731707317073,0.0,1.0,0.317073170732,0.0,1.0,0.19512195122,175759.571429,0.125,0.0,0.0,0.0,0.0487804878049,0.0,1.0
USA-PRO-PRO,0.0,0.0,0.0,0.0,0.0,0.0,0.0,0.0,0.0,0.0,0.0,0.0,1.0,322.0,0.0,0.0,0.0,0.0,0.0,0.0,0.0
USA-WIK-MAI,0.0,0.0,0.0,0.0,0.0,0.0,0.0,0.0,0.0,0.0,0.0,0.0,1.0,0.0,1.0,0.0,0.0,0.0,0.0,0.0,0.0
USA-SAC-ROC,0.0,0.0,0.0,0.0,0.0,0.0,0.0,0.0,0.0,0.0,0.0,0.0,1.0,319000.0,0.0,0.0,0.0,0.0,0.0,0.0,0.0
USA-BIN-END,0.0704225352113,10.0,0.6,0.366197183099,8350.75,0.0769230769231,0.0140845070423,0.0,1.0,0.0281690140845,0.0,1.0,0.056338028169,650.0,0.0,0.0,0.0,0.0,0.464788732394,257.777777778,0.181818181818
USA-NYM-HOB,0.0,0.0,0.0,0.0,0.0,0.0,0.0,0.0,0.0,0.0,0.0,0.0,1.0,1500.0,0.0,0.0,0.0,0.0,0.0,0.0,0.0
USA-SAC-ROS,0.0,0.0,0.0,0.0,0.0,0.0,0.0,0.0,0.0,0.0,0.0,0.0,1.0,930.0,0.0,0.0,0.0,0.0,0.0,0.0,0.0
USA-SAV-SAV,0.0,0.0,0.0,0.0,0.0,0.0,0.0,0.0,0.0,0.0,0.0,0.0,1.0,828.333333333,0.0,0.0,0.0,0.0,0.0,0.0,0.0
USA-STL-HOU,0.0,0.0,0.0,0.0,0.0,0.0,0.0,0.0,0.0,0.0,0.0,0.0,1.0,74500.0,0.0,0.0,0.0,0.0,0.0,0.0,0.0
USA-BAK-BAK,0.040404040404,0.0,1.0,0.353535353535,34219.2666667,0.142857142857,0.0,0.0,0.0,0.020202020202,0.0,1.0,0.0505050505051,640.0,0.0,0.0,0.0,0.0,0.535353535354,299.333333333,0.207547169811
USA-CLE-CLE,0.321428571429,0.0,1.0,0.142857142857,4823.25,0.0,0.0714285714286,0.0,1.0,0.142857142857,0.0,1.0,0.178571428571,813.75,0.2,0.0,0.0,0.0,0.142857142857,318.75,0.0
USA-MIA-WES,0.0,0.0,0.0,0.0,0.0,0.0,0.0,0.0,0.0,0.0,0.0,0.0,1.0,600.0,0.0,0.0,0.0,0.0,0.0,0.0,0.0
USA-TYL-TYL,0.0,0.0,0.0,0.395833333333,9391.09090909,0.421052631579,0.104166666667,0.0,1.0,0.0416666666667,0.0,1.0,0.0208333333333,450.0,0.0,0.0,0.0,0.0,0.4375,5260.36842105,0.0952380952381
USA-LEN-CLA,0.0,0.0,0.0,0.318181818182,4815.0,0.142857142857,0.0,0.0,0.0,0.0454545454545,0.0,1.0,0.0454545454545,112000.0,0.0,0.0,0.0,0.0,0.590909090909,894.769230769,0.0
USA-TLH-TAL,0.0238095238095,0.0,1.0,0.285714285714,8004.66666667,0.25,0.0714285714286,0.0,1.0,0.0714285714286,0.0,1.0,0.190476190476,535.0,0.0,0.0,0.0,0.0,0.357142857143,425.636363636,0.266666666667
USA-RON-ROC,0.0571428571429,0.0,1.0,0.357142857143,4703.57142857,0.16,0.0285714285714,0.0,1.0,0.0428571428571,0.0,1.0,0.0714285714286,711.25,0.2,0.0,0.0,0.0,0.442857142857,126.0,0.258064516129
USA-MIA-POM,0.0,0.0,0.0,0.0,0.0,0.0,0.0,0.0,0.0,0.0,0.0,0.0,1.0,833.333333333,0.0,0.0,0.0,0.0,0.0,0.0,0.0
USA-WAS-ROS,0.0,0.0,0.0,0.0,0.0,0.0,0.0,0.0,0.0,0.0,0.0,0.0,1.0,795.0,0.0,0.0,0.0,0.0,0.0,0.0,0.0
USA-SRA-HOY,0.0,0.0,0.0,0.0,0.0,0.0,0.0,0.0,0.0,0.0,0.0,0.0,1.0,550.0,0.0,0.0,0.0,0.0,0.0,0.0,0.0
USA-FRS-SAG,0.0,0.0,0.0,0.0,0.0,0.0,0.0,0.0,0.0,0.0,0.0,0.0,1.0,1920.0,0.5,0.0,0.0,0.0,0.0,0.0,0.0
USA-LAX-SNP,0.0804597701149,0.0,1.0,0.32183908046,6813.90909091,0.214285714286,0.0229885057471,0.0,1.0,0.114942528736,0.0,1.0,0.126436781609,1492.0,0.0,0.0,0.0,0.0,0.333333333333,131.814814815,0.0689655172414
USA-BOS-NOK,0.0434782608696,0.0,1.0,0.173913043478,7134.0,0.375,0.0869565217391,1.0,0.5,0.195652173913,0.0,1.0,0.0869565217391,568.75,0.0,0.0,0.0,0.0,0.413043478261,198.941176471,0.105263157895
USA-EUG-EUG,0.0625,0.0,1.0,0.4375,7713.02380952,0.142857142857,0.0267857142857,0.0,1.0,0.0267857142857,0.0,1.0,0.0535714285714,31574.1666667,0.0,0.0,0.0,0.0,0.392857142857,165.076923077,0.113636363636
USA-NAS-MAD,0.0,0.0,0.0,0.0,0.0,0.0,0.0,0.0,0.0,0.0,0.0,0.0,1.0,868.0,0.0,0.0,0.0,0.0,0.0,0.0,0.0
USA-BUF-ALD,0.0,0.0,0.0,0.0,0.0,0.0,0.0,0.0,0.0,0.0,0.0,0.0,1.0,296800.0,0.0,0.0,0.0,0.0,0.0,0.0,0.0
USA-WAS-FAV,0.0,0.0,0.0,0.0,0.0,0.0,0.0,0.0,0.0,0.0,0.0,0.0,1.0,800.0,0.0,0.0,0.0,0.0,0.0,0.0,0.0
USA-DEN-DEN,0.0434782608696,10.0,0.818181818182,0.454545454545,10901.1022727,0.234782608696,0.0,0.0,0.0,0.0,0.0,0.0,0.0158102766798,1037.5,0.5,0.0,0.0,0.0,0.486166007905,748.543478261,0.252032520325
USA-HEL-HEL,0.166666666667,0.0,1.0,0.166666666667,2308.0,0.0,0.0,0.0,0.0,0.0,0.0,0.0,0.5,27500.0,0.666666666667,0.0,0.0,0.0,0.166666666667,35.0,0.0
USA-PTT-POR,0.0,0.0,0.0,0.317073170732,5507.5,0.538461538462,0.0243902439024,0.0,1.0,0.0487804878049,0.0,1.0,0.0243902439024,110.0,0.0,0.0,0.0,0.0,0.585365853659,201.1,0.166666666667
USA-PLM-MEF,0.0,0.0,0.0,0.0,0.0,0.0,0.0,0.0,0.0,0.0,0.0,0.0,1.0,750.0,0.0,0.0,0.0,0.0,0.0,0.0,0.0
USA-BIL-BIL,0.0,0.0,0.0,0.6,12218.0,0.166666666667,0.0,0.0,0.0,0.0,0.0,0.0,0.0,0.0,0.0,0.0,0.0,0.0,0.4,8450.0,0.5
USA-DOT-DOT,0.0526315789474,0.0,1.0,0.157894736842,2100.0,0.666666666667,0.0526315789474,0.0,1.0,0.0,0.0,0.0,0.0,0.0,0.0,0.0,0.0,0.0,0.736842105263,472.222222222,0.357142857143
USA-OMA-COU,0.0873786407767,0.0,1.0,0.31067961165,15739.3703704,0.15625,0.0,0.0,0.0,0.0,0.0,0.0,0.0194174757282,547500.0,0.0,0.0,0.0,0.0,0.582524271845,118.933333333,0.25
USA-VIR-NOF,0.0,0.0,0.0,0.0,0.0,0.0,0.0,0.0,0.0,0.0,0.0,0.0,1.0,795.0,0.0,0.0,0.0,0.0,0.0,0.0,0.0
USA-BOS-DON,0.0,0.0,0.0,0.0,0.0,0.0,0.0,0.0,0.0,0.0,0.0,0.0,1.0,795.0,0.0,0.0,0.0,0.0,0.0,0.0,0.0
USA-LIN-LIN,0.0625,0.0,1.0,0.3125,8776.92307692,0.133333333333,0.0208333333333,0.0,1.0,0.0208333333333,0.0,1.0,0.0625,916.666666667,0.0,0.0,0.0,0.0,0.520833333333,193.818181818,0.12
USA-KAN-LES,0.0,0.0,0.0,0.0,0.0,0.0,0.0,0.0,0.0,0.0,0.0,0.0,1.0,0.0,1.0,0.0,0.0,0.0,0.0,0.0,0.0
USA-BUV-BUR,0.0,0.0,0.0,0.0,0.0,0.0,0.0,0.0,0.0,0.0,0.0,0.0,1.0,890.0,0.0,0.0,0.0,0.0,0.0,0.0,0.0
USA-DET-DET,0.0,0.0,0.0,0.0,0.0,0.0,0.0,0.0,0.0,1.0,0.0,1.0,0.0,0.0,0.0,0.0,0.0,0.0,0.0,0.0,0.0
USA-CUO-REY,0.0,0.0,0.0,0.0,0.0,0.0,0.0,0.0,0.0,0.0,0.0,0.0,1.0,640.0,0.5,0.0,0.0,0.0,0.0,0.0,0.0
USA-CTN-CHA,0.0535714285714,0.0,1.0,0.232142857143,10267.0909091,0.153846153846,0.107142857143,50.0,0.666666666667,0.214285714286,71.0,0.75,0.125,807.6,0.285714285714,0.0,0.0,0.0,0.267857142857,238.0,0.266666666667
USA-LAX-ANA,0.0,0.0,0.0,0.0,0.0,0.0,0.0,0.0,0.0,0.0,0.0,0.0,1.0,10704.6666667,0.0,0.0,0.0,0.0,0.0,0.0,0.0
USA-TPA-CLF,0.0,0.0,0.0,0.0,0.0,0.0,0.0,0.0,0.0,0.0,0.0,0.0,1.0,989.0,0.0,0.0,0.0,0.0,0.0,0.0,0.0
USA-WAS-GLB,0.0,0.0,0.0,0.0,0.0,0.0,0.0,0.0,0.0,0.0,0.0,0.0,1.0,850.0,0.0,0.0,0.0,0.0,0.0,0.0,0.0
USA-LAX-TRA,0.0,0.0,0.0,0.0,0.0,0.0,0.0,0.0,0.0,0.0,0.0,0.0,1.0,1250.0,0.0,0.0,0.0,0.0,0.0,0.0,0.0
USA-PHI-LAW,0.0,0.0,0.0,0.0,0.0,0.0,0.0,0.0,0.0,0.0,0.0,0.0,1.0,295000.0,0.0,0.0,0.0,0.0,0.0,0.0,0.0
USA-LAX-INO,0.0,0.0,0.0,0.0,0.0,0.0,0.0,0.0,0.0,0.0,0.0,0.0,1.0,699.0,0.0,0.0,0.0,0.0,0.0,0.0,0.0
USA-POA-SEQ,0.0,0.0,0.0,0.0,0.0,0.0,0.0,0.0,0.0,0.0,0.0,0.0,1.0,1160.0,0.0,0.0,0.0,0.0,0.0,0.0,0.0
USA-BAO-DEN,0.0,0.0,0.0,0.0,0.0,0.0,0.0,0.0,0.0,0.0,0.0,0.0,1.0,1200.0,0.0,0.0,0.0,0.0,0.0,0.0,0.0
USA-GSO-GRE,0.025641025641,0.0,1.0,0.205128205128,8080.5,0.25,0.0512820512821,0.0,1.0,0.0512820512821,20.0,0.5,0.282051282051,324.5,0.454545454545,0.0,0.0,0.0,0.384615384615,420.642857143,0.0666666666667
USA-LIT-LIR,0.102040816327,0.0,1.0,0.367346938776,4961.84615385,0.277777777778,0.0408163265306,0.0,1.0,0.0612244897959,0.0,1.0,0.102040816327,607.8,0.0,0.0,0.0,0.0,0.326530612245,198.833333333,0.25
USA-BOS-SOW,0.0,0.0,0.0,0.0,0.0,0.0,0.0,0.0,0.0,0.0,0.0,0.0,1.0,450.0,0.0,0.0,0.0,0.0,0.0,0.0,0.0
USA-HRT-HAR,0.204545454545,0.0,1.0,0.363636363636,7839.16666667,0.25,0.0227272727273,0.0,1.0,0.0227272727273,0.0,1.0,0.0681818181818,4387.5,0.333333333333,0.0,0.0,0.0,0.318181818182,410.777777778,0.357142857143
USA-VIR-POS,0.0,0.0,0.0,0.0,0.0,0.0,0.0,0.0,0.0,0.0,0.0,0.0,1.0,0.0,1.0,0.0,0.0,0.0,0.0,0.0,0.0
USA-CAC-FOF,0.0847457627119,0.0,1.0,0.254237288136,6305.46153846,0.133333333333,0.0169491525424,0.0,1.0,0.101694915254,0.0,1.0,0.0677966101695,49598.3333333,0.25,0.0338983050847,0.0,1.0,0.440677966102,334.952380952,0.192307692308
USA-BOS-WOR,0.0309278350515,0.0,1.0,0.484536082474,7277.40909091,0.063829787234,0.0,0.0,0.0,0.0412371134021,0.0,1.0,0.0824742268041,905.75,0.0,0.0,0.0,0.0,0.360824742268,112.545454545,0.371428571429
USA-NYM-RIN,0.0,0.0,0.0,0.0,0.0,0.0,0.0,0.0,0.0,0.0,0.0,0.0,1.0,275000.0,0.0,0.0,0.0,0.0,0.0,0.0,0.0
USA-CAC-CAE,0.0,0.0,0.0,0.0,0.0,0.0,0.0,0.0,0.0,0.0,0.0,0.0,1.0,94454.5,0.0,0.0,0.0,0.0,0.0,0.0,0.0
USA-BAS-MAS,0.0,0.0,0.0,0.352941176471,11518.8,0.166666666667,0.0,0.0,0.0,0.0588235294118,0.0,1.0,0.0,0.0,0.0,0.0,0.0,0.0,0.588235294118,355.0,0.3
USA-CLE-ELY,0.0,0.0,0.0,0.0,0.0,0.0,0.0,0.0,0.0,0.0,0.0,0.0,1.0,558.333333333,0.0,0.0,0.0,0.0,0.0,0.0,0.0
USA-WAS-PRI,0.05,0.0,1.0,0.35,2061.66666667,0.142857142857,0.0,0.0,0.0,0.0,0.0,0.0,0.35,228628.571429,0.0,0.0,0.0,0.0,0.25,180.0,0.0
USA-SEA-TAO,1.0,0.0,1.0,0.0,0.0,0.0,0.0,0.0,0.0,0.0,0.0,0.0,0.0,0.0,0.0,0.0,0.0,0.0,0.0,0.0,0.0
USA-HON-AIE,0.0,0.0,0.0,0.0,0.0,0.0,0.0,0.0,0.0,0.0,0.0,0.0,1.0,1800.0,0.0,0.0,0.0,0.0,0.0,0.0,0.0
USA-NYM-NOH,0.0,0.0,0.0,0.0,0.0,0.0,0.0,0.0,0.0,0.0,0.0,0.0,1.0,1690.0,0.0,0.0,0.0,0.0,0.0,0.0,0.0
USA-OMA-BEL,0.0,0.0,0.0,0.0,0.0,0.0,0.0,0.0,0.0,0.0,0.0,0.0,1.0,510.0,0.0,0.0,0.0,0.0,0.0,0.0,0.0
USA-YOR-YOP,0.0,0.0,0.0,0.0,0.0,0.0,0.0,0.0,0.0,0.0,0.0,0.0,1.0,1600.0,0.0,0.0,0.0,0.0,0.0,0.0,0.0
USA-BOS-BOT,0.101694915254,0.0,1.0,0.305084745763,7010.70588235,0.0555555555556,0.0,0.0,0.0,0.0169491525424,0.0,1.0,0.0,0.0,0.0,0.0,0.0,0.0,0.576271186441,160.16,0.264705882353
USA-STL-CED,0.0,0.0,0.0,0.0,0.0,0.0,0.0,0.0,0.0,0.0,0.0,0.0,1.0,145000.0,0.0,0.0,0.0,0.0,0.0,0.0,0.0
USA-LAX-WEM,0.0,0.0,0.0,0.0,0.0,0.0,0.0,0.0,0.0,0.0,0.0,0.0,1.0,1285.0,0.0,0.0,0.0,0.0,0.0,0.0,0.0
USA-CUO-DEL,0.04,0.0,1.0,0.46,5856.66666667,0.347826086957,0.08,0.0,1.0,0.04,0.0,1.0,0.04,810.0,0.5,0.0,0.0,0.0,0.34,282.1875,0.0588235294118
USA-KS-SYL,0.0,0.0,0.0,0.75,12896.25,0.111111111111,0.0,0.0,0.0,0.0,0.0,0.0,0.0,0.0,0.0,0.0,0.0,0.0,0.25,170.0,0.0
USA-LAL-LAL,0.0263157894737,0.0,1.0,0.368421052632,2450.84615385,0.0714285714286,0.0263157894737,0.0,1.0,0.0,0.0,0.0,0.0789473684211,637.5,0.333333333333,0.0,0.0,0.0,0.5,2010.09090909,0.421052631579
USA-LAX-PLS,0.16393442623,0.0,1.0,0.524590163934,7060.96774194,0.03125,0.0,0.0,0.0,0.0491803278689,0.0,1.0,0.0491803278689,150.0,0.333333333333,0.0,0.0,0.0,0.213114754098,1168.63636364,0.153846153846
USA-NYM-LOR,0.0,0.0,0.0,0.0,0.0,0.0,0.0,0.0,0.0,0.0,0.0,0.0,1.0,790.0,0.0,0.0,0.0,0.0,0.0,0.0,0.0
USA-HOU-SUG,0.0,0.0,0.0,0.0,0.0,0.0,0.0,0.0,0.0,0.0,0.0,0.0,1.0,180.0,0.0,0.0,0.0,0.0,0.0,0.0,0.0
USA-SHR-SHR,0.0,0.0,0.0,0.571428571429,3323.33333333,0.25,0.0,0.0,0.0,0.0,0.0,0.0,0.0,0.0,0.0,0.0,0.0,0.0,0.428571428571,150.0,0.0
USA-ABU-ALB,0.0434782608696,0.0,1.0,0.490683229814,7913.93478261,0.417721518987,0.0124223602484,0.0,1.0,0.0372670807453,0.0,1.0,0.0931677018634,34052.3076923,0.133333333333,0.0,0.0,0.0,0.32298136646,308.755555556,0.134615384615
USA-LAX-LGH,0.0,0.0,0.0,0.0,0.0,0.0,0.0,0.0,0.0,0.0,0.0,0.0,1.0,0.0,1.0,0.0,0.0,0.0,0.0,0.0,0.0
USA-PEO-VER,0.0,0.0,0.0,0.354838709677,3065.5,0.0909090909091,0.0322580645161,0.0,1.0,0.0645161290323,0.0,1.0,0.0967741935484,576.666666667,0.0,0.0,0.0,0.0,0.451612903226,158.666666667,0.142857142857
USA-KIE-KIL,0.0144927536232,0.0,1.0,0.492753623188,11244.4583333,0.294117647059,0.0724637681159,0.0,1.0,0.0,0.0,0.0,0.0579710144928,108300.0,0.25,0.0,0.0,0.0,0.36231884058,146.722222222,0.28
USA-MCN-PER,0.05,0.0,1.0,0.4,2460.0,0.375,0.0,0.0,0.0,0.05,0.0,1.0,0.0,0.0,0.0,0.0,0.0,0.0,0.5,141.111111111,0.1
USA-LNS-LAN,0.0,0.0,0.0,0.372093023256,10476.6666667,0.0625,0.0,0.0,0.0,0.0,0.0,0.0,0.046511627907,850.0,0.0,0.0,0.0,0.0,0.581395348837,161.333333333,0.28
USA-PES-MIL,0.0,0.0,0.0,0.0,0.0,0.0,0.0,0.0,0.0,0.0,0.0,0.0,1.0,175125.0,0.0,0.0,0.0,0.0,0.0,0.0,0.0
USA-SAC-AUB,0.0,0.0,0.0,0.0,0.0,0.0,0.0,0.0,0.0,0.0,0.0,0.0,1.0,995.0,0.0,0.0,0.0,0.0,0.0,0.0,0.0
USA-BUF-BUF,0.0131578947368,0.0,1.0,0.381578947368,3855.04166667,0.172413793103,0.0394736842105,0.0,1.0,0.0657894736842,0.0,1.0,0.0131578947368,425.0,0.0,0.0,0.0,0.0,0.486842105263,585.2,0.324324324324
USA-SAC-CAM,0.0,0.0,0.0,0.0,0.0,0.0,0.0,0.0,0.0,0.0,0.0,0.0,1.0,694.8,0.0,0.0,0.0,0.0,0.0,0.0,0.0
USA-PHI-PHI,0.0796460176991,0.0,1.0,0.256637168142,7018.5,0.241379310345,0.00884955752212,0.0,1.0,0.0973451327434,0.0,1.0,0.247787610619,13375.6,0.107142857143,0.0,0.0,0.0,0.309734513274,213.933333333,0.142857142857
USA-NYM-RSN,0.105263157895,0.0,1.0,0.447368421053,6635.625,0.529411764706,0.0789473684211,0.0,1.0,0.0789473684211,0.0,1.0,0.0,0.0,0.0,0.0,0.0,0.0,0.289473684211,235.090909091,0.0
USA-FRS-COR,0.0168067226891,0.0,1.0,0.294117647059,8343.35483871,0.114285714286,0.0252100840336,0.0,1.0,0.0168067226891,65.0,0.5,0.0504201680672,914.0,0.166666666667,0.0,0.0,0.0,0.596638655462,234.877192982,0.197183098592
USA-MEM-BYH,0.0,0.0,0.0,0.0,0.0,0.0,0.0,0.0,0.0,0.0,0.0,0.0,1.0,185.0,0.0,0.0,0.0,0.0,0.0,0.0,0.0
USA-SYR-SYR,0.0857142857143,0.0,1.0,0.228571428571,4059.93333333,0.0625,0.0285714285714,0.0,1.0,0.0142857142857,0.0,1.0,0.1,622.333333333,0.571428571429,0.0,0.0,0.0,0.542857142857,243.238095238,0.447368421053
USA-STL-SAP,0.0,0.0,0.0,0.0,0.0,0.0,0.0,0.0,0.0,0.0,0.0,0.0,1.0,21000.0,0.0,0.0,0.0,0.0,0.0,0.0,0.0
USA-DES-WAU,0.0,0.0,0.0,0.0,0.0,0.0,0.0,0.0,0.0,0.0,0.0,0.0,1.0,1600.0,0.0,0.0,0.0,0.0,0.0,0.0,0.0
USA-DAL-IRV,0.0,0.0,0.0,0.0,0.0,0.0,0.0,0.0,0.0,0.0,0.0,0.0,1.0,1102.5,0.6,0.0,0.0,0.0,0.0,0.0,0.0
USA-STL-SAL,0.134146341463,0.0,1.0,0.219512195122,12701.5,0.333333333333,0.0243902439024,0.0,1.0,0.231707317073,56.6666666667,0.842105263158,0.146341463415,206804.6,0.166666666667,0.0,0.0,0.0,0.243902439024,261.947368421,0.05
USA-SAL-SAL,0.0652173913043,0.0,1.0,0.152173913043,2500.0,0.857142857143,0.0652173913043,1.0,0.666666666667,0.108695652174,0.0,1.0,0.108695652174,1022.4,0.0,0.0,0.0,0.0,0.5,89.6,0.347826086957
USA-MEM-COR,0.0,0.0,0.0,0.0,0.0,0.0,0.0,0.0,0.0,0.0,0.0,0.0,1.0,650.0,0.0,0.0,0.0,0.0,0.0,0.0,0.0
USA-AUG-AUG,0.0625,0.0,1.0,0.3125,2475.0,0.2,0.125,0.0,1.0,0.0,0.0,0.0,0.25,529.5,0.0,0.0,0.0,0.0,0.25,200.5,0.5
USA-KNO-POE,0.0,0.0,0.0,0.0,0.0,0.0,0.0,0.0,0.0,0.0,0.0,0.0,1.0,500.0,0.0,0.0,0.0,0.0,0.0,0.0,0.0
USA-WIM-WIM,0.0344827586207,0.0,1.0,0.206896551724,4210.5,0.0,0.0689655172414,0.0,1.0,0.0344827586207,0.0,1.0,0.103448275862,997.5,0.333333333333,0.0,0.0,0.0,0.551724137931,368.266666667,0.0625
USA-OKL-OKL,0.110236220472,0.0,1.0,0.417322834646,7725.13333333,0.433962264151,0.0157480314961,0.0,1.0,0.0157480314961,0.0,1.0,0.0236220472441,37205.0,0.333333333333,0.00787401574803,0.0,1.0,0.409448818898,339.181818182,0.365384615385
USA-IDO-GRW,0.0,0.0,0.0,0.0,0.0,0.0,0.0,0.0,0.0,0.0,0.0,0.0,1.0,49500.0,0.0,0.0,0.0,0.0,0.0,0.0,0.0
USA-MOD-MOD,0.0288461538462,0.0,1.0,0.423076923077,9259.23809524,0.0454545454545,0.00961538461538,0.0,1.0,0.0288461538462,0.0,1.0,0.0576923076923,902.5,0.0,0.0,0.0,0.0,0.451923076923,327.75,0.148936170213
USA-ALN-ALB,0.0142857142857,0.0,1.0,0.357142857143,7822.125,0.36,0.0428571428571,1.0,0.666666666667,0.0285714285714,0.0,1.0,0.0285714285714,75292.5,0.0,0.0,0.0,0.0,0.528571428571,320.16,0.324324324324
USA-PTT-VER,0.0,0.0,0.0,0.0,0.0,0.0,0.0,0.0,0.0,0.0,0.0,0.0,1.0,725.0,0.0,0.0,0.0,0.0,0.0,0.0,0.0
USA-APP-OSH,0.0,0.0,0.0,0.0,0.0,0.0,0.0,0.0,0.0,0.0,0.0,0.0,1.0,750.0,0.0,0.0,0.0,0.0,0.0,0.0,0.0
USA-NEO-NEW,0.116279069767,300.0,0.9,0.197674418605,7954.0625,0.0588235294118,0.0232558139535,0.0,1.0,0.046511627907,75.0,0.75,0.151162790698,130847.307692,0.0,0.0116279069767,0.0,1.0,0.453488372093,125.933333333,0.615384615385
USA-MRT-MEL,0.0,0.0,0.0,0.2,1400.0,0.5,0.0,0.0,0.0,0.0,0.0,0.0,0.0,0.0,0.0,0.0,0.0,0.0,0.8,38.125,0.0
USA-MIA-BOC,0.0,0.0,0.0,0.0,0.0,0.0,0.0,0.0,0.0,0.0,0.0,0.0,1.0,1770.0,0.0,0.0,0.0,0.0,0.0,0.0,0.0
USA-LUB-LUB,0.078431372549,0.0,1.0,0.176470588235,7697.0,0.555555555556,0.0588235294118,0.0,1.0,0.0,0.0,0.0,0.156862745098,533.75,0.0,0.0,0.0,0.0,0.529411764706,381.578947368,0.296296296296
USA-FRS-FRE,0.0,0.0,0.0,0.0,0.0,0.0,0.0,0.0,0.0,0.0,0.0,0.0,1.0,854.333333333,0.5,0.0,0.0,0.0,0.0,0.0,0.0
USA-CUO-COL,0.238805970149,0.0,1.0,0.208955223881,5835.75,0.142857142857,0.0746268656716,0.0,1.0,0.119402985075,0.0,1.0,0.164179104478,35046.2,0.0909090909091,0.0,0.0,0.0,0.194029850746,136.2,0.230769230769
USA-RAL-RAL,0.0,0.0,0.0,0.0,0.0,0.0,0.0,0.0,0.0,0.0,0.0,0.0,1.0,500000.0,0.0,0.0,0.0,0.0,0.0,0.0,0.0
USA-MIA-HOL,0.0,0.0,0.0,0.0,0.0,0.0,0.0,0.0,0.0,0.0,0.0,0.0,1.0,1550.5,0.0,0.0,0.0,0.0,0.0,0.0,0.0
USA-HUS-DEC,0.0833333333333,0.0,1.0,0.25,7516.375,0.466666666667,0.0166666666667,0.0,1.0,0.1,0.0,1.0,0.0,0.0,0.0,0.0166666666667,0.0,1.0,0.533333333333,327.555555556,0.15625
USA-HRT-WIM,0.0,0.0,0.0,0.367346938776,4318.6875,0.111111111111,0.0,0.0,0.0,0.0204081632653,0.0,1.0,0.0204081632653,900.0,0.0,0.0,0.0,0.0,0.591836734694,132.111111111,0.379310344828
USA-ATL-LAF,0.0,0.0,0.0,0.214285714286,10400.0,0.0,0.0,0.0,0.0,0.0,0.0,0.0,0.0,0.0,0.0,0.0,0.0,0.0,0.785714285714,448.363636364,0.0
USA-NYM-SAV,0.0,0.0,0.0,0.0,0.0,0.0,0.0,0.0,0.0,0.0,0.0,0.0,1.0,15.0,0.0,0.0,0.0,0.0,0.0,0.0,0.0
USA-AUT-SAN,0.0909090909091,0.0,1.0,0.181818181818,0.0,1.0,0.0909090909091,0.0,1.0,0.0,0.0,0.0,0.0909090909091,540.0,0.0,0.0,0.0,0.0,0.545454545455,182.0,0.166666666667
USA-GAI-GAI,0.0,0.0,0.0,0.326923076923,4991.9,0.411764705882,0.0192307692308,0.0,1.0,0.0192307692308,0.0,1.0,0.0192307692308,950.0,0.0,0.0,0.0,0.0,0.615384615385,935.714285714,0.125
USA-MIA-FOR,0.0,0.0,0.0,0.0,0.0,0.0,0.0,0.0,0.0,0.0,0.0,0.0,1.0,46561.25,0.0,0.0,0.0,0.0,0.0,0.0,0.0
USA-NYM-MIY,0.0,0.0,0.0,0.0,0.0,0.0,0.0,0.0,0.0,0.0,0.0,0.0,1.0,2500.0,0.0,0.0,0.0,0.0,0.0,0.0,0.0
USA-BOS-CON,0.037037037037,0.0,1.0,0.407407407407,7184.53846154,0.212121212121,0.0,0.0,0.0,0.037037037037,0.0,1.0,0.0864197530864,733.142857143,0.0,0.0,0.0,0.0,0.432098765432,5521.87878788,0.0571428571429
USA-STC-STO,0.010989010989,0.0,1.0,0.472527472527,8327.92592593,0.372093023256,0.021978021978,1.0,0.5,0.043956043956,0.0,1.0,0.043956043956,799.0,0.0,0.0,0.0,0.0,0.406593406593,1116.03125,0.135135135135
USA-BAO-BAO,0.051724137931,0.0,1.0,0.465517241379,8838.18181818,0.185185185185,0.051724137931,0.0,1.0,0.0,0.0,0.0,0.103448275862,543.0,0.0,0.0,0.0,0.0,0.327586206897,194.947368421,0.0
USA-RCV-RIC,0.0947368421053,0.0,1.0,0.210526315789,2813.88235294,0.15,0.0631578947368,0.0,1.0,0.0947368421053,50.0,0.888888888889,0.115789473684,776.571428571,0.363636363636,0.0,0.0,0.0,0.421052631579,751.264705882,0.15
USA-NYM-NEY,0.0,0.0,0.0,0.0,0.0,0.0,0.0,0.0,0.0,1.0,93.5714285714,0.758620689655,0.0,0.0,0.0,0.0,0.0,0.0,0.0,0.0,0.0
USA-STL-MAL,0.0,0.0,0.0,0.0,0.0,0.0,0.0,0.0,0.0,0.0,0.0,0.0,1.0,823.0,0.0,0.0,0.0,0.0,0.0,0.0,0.0
USA-PIT-PIT,0.120879120879,0.0,1.0,0.131868131868,7305.0,0.166666666667,0.0659340659341,0.0,1.0,0.043956043956,0.0,1.0,0.0769230769231,6442.5,0.142857142857,0.010989010989,0.0,1.0,0.549450549451,449.125,0.52
USA-IDO-IND,0.0928571428571,0.0,1.0,0.285714285714,4169.72972973,0.075,0.0357142857143,0.0,1.0,0.121428571429,20.0,0.705882352941,0.0928571428571,10720.5,0.230769230769,0.0,0.0,0.0,0.371428571429,201.763157895,0.269230769231
USA-MED-CEN,0.0,0.0,0.0,0.0,0.0,0.0,0.0,0.0,0.0,0.0,0.0,0.0,1.0,1600.0,0.0,0.0,0.0,0.0,0.0,0.0,0.0
USA-CHC-CHI,0.0,0.0,0.0,0.230769230769,6460.0,0.0,0.192307692308,0.0,1.0,0.0769230769231,0.0,1.0,0.0769230769231,650.0,0.5,0.0,0.0,0.0,0.423076923077,253.777777778,0.181818181818
USA-LAX-LSN,0.0,0.0,0.0,0.0,0.0,0.0,0.0,0.0,0.0,1.0,0.0,1.0,0.0,0.0,0.0,0.0,0.0,0.0,0.0,0.0,0.0
USA-FAA-FAY,0.03125,0.0,1.0,0.125,10776.875,0.0,0.03125,0.0,1.0,0.0625,0.0,1.0,0.078125,50610.0,0.0,0.0,0.0,0.0,0.671875,474.441176471,0.209302325581
USA-TLS-JEK,0.0,0.0,0.0,0.0,0.0,0.0,0.0,0.0,0.0,0.0,0.0,0.0,1.0,795.0,0.0,0.0,0.0,0.0,0.0,0.0,0.0
USA-PHI-SWE,0.0,0.0,0.0,0.0,0.0,0.0,0.0,0.0,0.0,0.0,0.0,0.0,1.0,206066.0,0.0,0.0,0.0,0.0,0.0,0.0,0.0
USA-LAX-HUB,0.0,0.0,0.0,0.0,0.0,0.0,0.0,0.0,0.0,0.0,0.0,0.0,1.0,2293.5,0.0,0.0,0.0,0.0,0.0,0.0,0.0
USA-ME-HOU,0.0,0.0,0.0,0.0,0.0,0.0,0.0,0.0,0.0,0.0,0.0,0.0,1.0,174900.0,0.0,0.0,0.0,0.0,0.0,0.0,0.0
USA-SAR-SAR,0.0253164556962,0.0,1.0,0.405063291139,5261.69565217,0.28125,0.0126582278481,0.0,1.0,0.0506329113924,0.0,1.0,0.0886075949367,146097.0,0.142857142857,0.0,0.0,0.0,0.417721518987,454.84375,0.030303030303
USA-CLE-BEA,0.0,0.0,0.0,0.0,0.0,0.0,0.0,0.0,0.0,0.0,0.0,0.0,1.0,2425.0,0.0,0.0,0.0,0.0,0.0,0.0,0.0
USA-WIK-WIC,0.0178571428571,0.0,1.0,0.267857142857,8925.90909091,0.266666666667,0.0892857142857,0.0,1.0,0.0357142857143,0.0,1.0,0.107142857143,512.0,0.333333333333,0.0,0.0,0.0,0.482142857143,179.36,0.0740740740741
USA-CHC-ORO,0.0,0.0,0.0,0.0,0.0,0.0,0.0,0.0,0.0,0.0,0.0,0.0,1.0,300.0,0.0,0.0,0.0,0.0,0.0,0.0,0.0
USA-SLT-SOU,0.0,0.0,0.0,0.0,0.0,0.0,0.0,0.0,0.0,0.0,0.0,0.0,1.0,1385.0,0.0,0.0,0.0,0.0,0.0,0.0,0.0
USA-DET-YPS,0.0,0.0,0.0,0.0,0.0,0.0,0.0,0.0,0.0,0.0,0.0,0.0,1.0,667.571428571,0.0,0.0,0.0,0.0,0.0,0.0,0.0
USA-ALL-EAS,0.030303030303,0.0,1.0,0.181818181818,13848.9090909,0.0833333333333,0.030303030303,0.0,1.0,0.030303030303,0.0,1.0,0.0151515151515,775.0,0.0,0.0,0.0,0.0,0.712121212121,30813.9268293,0.127659574468
USA-NYM-CFT,0.0,0.0,0.0,0.0,0.0,0.0,0.0,0.0,0.0,0.0,0.0,0.0,1.0,1200.0,0.0,0.0,0.0,0.0,0.0,0.0,0.0
USA-NAP-NAP,0.0,0.0,0.0,0.0,0.0,0.0,0.0,0.0,0.0,0.0,0.0,0.0,1.0,800.0,0.0,0.0,0.0,0.0,0.0,0.0,0.0
USA-BUT-BUT,0.0,0.0,0.0,0.333333333333,1500.0,0.5,0.0,0.0,0.0,0.0,0.0,0.0,0.0,0.0,0.0,0.166666666667,0.0,1.0,0.5,559.5,0.333333333333
USA-LAL-HAI,0.0,0.0,0.0,0.0,0.0,0.0,0.0,0.0,0.0,0.0,0.0,0.0,1.0,62500.0,0.0,0.0,0.0,0.0,0.0,0.0,0.0
USA-MIW-MIL,0.0485436893204,0.0,1.0,0.291262135922,8315.35714286,0.0666666666667,0.0485436893204,1.0,0.8,0.0485436893204,0.0,1.0,0.135922330097,6745.71428571,0.0,0.00970873786408,0.0,1.0,0.417475728155,128.882352941,0.209302325581
USA-SAS-PRI,0.0,0.0,0.0,0.454545454545,5102.66666667,0.4,0.181818181818,0.0,1.0,0.0909090909091,0.0,1.0,0.0,0.0,0.0,0.0,0.0,0.0,0.272727272727,237.5,0.333333333333
USA-DET-BRI,0.0,0.0,0.0,0.0,0.0,0.0,0.0,0.0,0.0,0.0,0.0,0.0,1.0,1500.0,0.0,0.0,0.0,0.0,0.0,0.0,0.0
USA-PES-PEN,0.0,0.0,0.0,0.421052631579,4076.92307692,0.458333333333,0.0701754385965,0.0,1.0,0.0350877192982,0.0,1.0,0.0877192982456,7279.4,0.0,0.0,0.0,0.0,0.385964912281,330.0,0.318181818182
USA-REN-DAY,0.0,0.0,0.0,0.0,0.0,0.0,0.0,0.0,0.0,0.0,0.0,0.0,1.0,850.0,0.0,0.0,0.0,0.0,0.0,0.0,0.0
USA-CRS-SUM,0.0,0.0,0.0,0.0,0.0,0.0,0.0,0.0,0.0,0.0,0.0,0.0,1.0,375.0,0.0,0.0,0.0,0.0,0.0,0.0,0.0
USA-PLM-ROC,0.0263157894737,0.0,1.0,0.394736842105,4068.75,0.2,0.0789473684211,1.0,0.333333333333,0.131578947368,0.0,1.0,0.0526315789474,380.0,0.0,0.0,0.0,0.0,0.315789473684,545.714285714,0.416666666667
USA-ORL-DAY,0.04,0.0,1.0,0.38,6542.8125,0.157894736842,0.0,0.0,0.0,0.06,0.0,1.0,0.06,105360.0,0.333333333333,0.04,0.0,1.0,0.42,188.588235294,0.190476190476
USA-NYM-NWV,0.05,700.0,0.8,0.44,4884.7804878,0.0681818181818,0.03,120.0,0.666666666667,0.01,0.0,1.0,0.01,2050.0,0.0,0.0,0.0,0.0,0.46,305.567567568,0.195652173913
USA-MEM-MEM,0.0405405405405,5.0,0.666666666667,0.243243243243,7397.2,0.166666666667,0.0405405405405,0.0,1.0,0.027027027027,0.0,1.0,0.202702702703,930.933333333,0.0,0.0,0.0,0.0,0.445945945946,209.689655172,0.121212121212
USA-CAI-MAT,0.0,0.0,0.0,0.75,12996.6666667,0.0,0.0,0.0,0.0,0.0,0.0,0.0,0.0833333333333,929.0,0.0,0.0,0.0,0.0,0.166666666667,2650.5,0.0
USA-DET-FLI,0.0217391304348,0.0,1.0,0.326086956522,7804.0,0.0,0.0652173913043,0.0,1.0,0.0,0.0,0.0,0.0434782608696,23400.0,0.0,0.0,0.0,0.0,0.54347826087,240.625,0.04
USA-IA-OSC,0.0,0.0,0.0,0.0,0.0,0.0,0.0,0.0,0.0,0.0,0.0,0.0,1.0,102900.0,0.0,0.0,0.0,0.0,0.0,0.0,0.0
USA-DAL-ARL,0.0,0.0,0.0,0.0,0.0,0.0,0.0,0.0,0.0,0.0,0.0,0.0,1.0,887.0,0.0,0.0,0.0,0.0,0.0,0.0,0.0
USA-MEM-SOU,0.0,0.0,0.0,0.0,0.0,0.0,0.0,0.0,0.0,0.0,0.0,0.0,1.0,0.0,1.0,0.0,0.0,0.0,0.0,0.0,0.0
USA-PES-GUL,0.0,0.0,0.0,0.0,0.0,0.0,0.0,0.0,0.0,0.0,0.0,0.0,1.0,230000.0,0.0,0.0,0.0,0.0,0.0,0.0,0.0
USA-DEN-BRO,0.0,0.0,0.0,0.0,0.0,0.0,0.0,0.0,0.0,0.0,0.0,0.0,1.0,2100.0,0.0,0.0,0.0,0.0,0.0,0.0,0.0
USA-WHE-WHE,0.285714285714,0.0,1.0,0.285714285714,4410.5,0.0,0.0,0.0,0.0,0.0,0.0,0.0,0.0,0.0,0.0,0.0,0.0,0.0,0.428571428571,1754.66666667,0.0
USA-DAY-DAY,0.180555555556,0.0,1.0,0.402777777778,2574.63157895,0.344827586207,0.0416666666667,0.0,1.0,0.0277777777778,0.0,1.0,0.0277777777778,740.0,0.0,0.0,0.0,0.0,0.319444444444,855.764705882,0.260869565217
USA-POR-POR,0.333333333333,0.0,1.0,0.0,0.0,0.0,0.0,0.0,0.0,0.666666666667,0.0,1.0,0.0,0.0,0.0,0.0,0.0,0.0,0.0,0.0,0.0
USA-HON-HON,0.0,0.0,0.0,0.0,0.0,0.0,0.0,0.0,0.0,0.0,0.0,0.0,1.0,1100.0,0.0,0.0,0.0,0.0,0.0,0.0,0.0
USA-MIN-ANK,0.294117647059,85.0,0.8,0.0,0.0,0.0,0.0588235294118,0.0,1.0,0.529411764706,150.0,0.888888888889,0.117647058824,425.0,0.0,0.0,0.0,0.0,0.0,0.0,0.0
USA-MCL-MIS,0.0,0.0,0.0,0.0,0.0,0.0,0.0,0.0,0.0,0.0,0.0,0.0,1.0,709.0,0.0,0.0,0.0,0.0,0.0,0.0,0.0
USA-PAN-PAB,0.0,0.0,0.0,0.0,0.0,0.0,0.0,0.0,0.0,0.0,0.0,0.0,1.0,0.0,1.0,0.0,0.0,0.0,0.0,0.0,0.0
USA-SLT-SAL,0.244897959184,0.0,1.0,0.122448979592,7851.2,0.166666666667,0.0,0.0,0.0,0.122448979592,0.0,1.0,0.265306122449,11696.5,0.0769230769231,0.0,0.0,0.0,0.244897959184,1737.0,0.5
USA-PAN-PAF,0.0,0.0,0.0,0.35,9025.85714286,0.0,0.05,0.0,1.0,0.05,0.0,1.0,0.1,110.0,0.5,0.05,0.0,1.0,0.4,158.5,0.25
USA-NYM-BAL,0.0,0.0,0.0,0.0,0.0,0.0,0.0,0.0,0.0,0.0,0.0,0.0,1.0,369000.0,0.0,0.0,0.0,0.0,0.0,0.0,0.0
USA-TN-PAR,0.0,0.0,0.0,0.0,0.0,0.0,0.0,0.0,0.0,0.0,0.0,0.0,1.0,53000.0,0.0,0.0,0.0,0.0,0.0,0.0,0.0
USA-CA-MON,0.0,0.0,0.0,0.0,0.0,0.0,0.0,0.0,0.0,0.0,0.0,0.0,0.0,0.0,0.0,0.0,0.0,0.0,1.0,1065.2,0.0
USA-MIA-PAF,0.0,0.0,0.0,0.0,0.0,0.0,0.0,0.0,0.0,0.0,0.0,0.0,1.0,139900.0,0.0,0.0,0.0,0.0,0.0,0.0,0.0
USA-GEB-DEP,0.0,0.0,0.0,0.0,0.0,0.0,0.0,0.0,0.0,0.0,0.0,0.0,1.0,760.0,0.0,0.0,0.0,0.0,0.0,0.0,0.0
USA-BIR-CUL,0.0,0.0,0.0,0.0,0.0,0.0,0.0,0.0,0.0,0.0,0.0,0.0,1.0,309900.0,0.0,0.0,0.0,0.0,0.0,0.0,0.0
USA-ROE-WIN,0.0,0.0,0.0,0.0,0.0,0.0,0.0,0.0,0.0,0.0,0.0,0.0,1.0,295.0,0.0,0.0,0.0,0.0,0.0,0.0,0.0
USA-WAS-ANN,0.0,0.0,0.0,0.0,0.0,0.0,0.0,0.0,0.0,0.0,0.0,0.0,1.0,1500.0,0.0,0.0,0.0,0.0,0.0,0.0,0.0
USA-WAS-ANM,0.0,0.0,0.0,0.285714285714,4190.0,0.2,0.0,0.0,0.0,0.0285714285714,0.0,1.0,0.0,0.0,0.0,0.0,0.0,0.0,0.685714285714,700.333333333,0.0
USA-LAH-KIN,0.0,0.0,0.0,0.6,1712.5,0.333333333333,0.0,0.0,0.0,0.0,0.0,0.0,0.1,315.0,0.0,0.0,0.0,0.0,0.3,141.666666667,0.0
USA-KAN-OVE,0.0,0.0,0.0,0.0,0.0,0.0,0.0,0.0,0.0,0.0,0.0,0.0,1.0,1015.0,0.5,0.0,0.0,0.0,0.0,0.0,0.0
USA-SAC-LOO,0.0,0.0,0.0,0.0,0.0,0.0,0.0,0.0,0.0,0.0,0.0,0.0,1.0,2500.0,0.0,0.0,0.0,0.0,0.0,0.0,0.0
USA-TLS-GLE,0.0,0.0,0.0,0.0,0.0,0.0,0.0,0.0,0.0,0.0,0.0,0.0,1.0,775.0,0.0,0.0,0.0,0.0,0.0,0.0,0.0
USA-SPO-GRE,0.0,0.0,0.0,0.0,0.0,0.0,0.0,0.0,0.0,0.0,0.0,0.0,1.0,400000.0,0.0,0.0,0.0,0.0,0.0,0.0,0.0
USA-TPA-APO,0.0,0.0,0.0,0.0,0.0,0.0,0.0,0.0,0.0,0.0,0.0,0.0,1.0,1750.0,0.0,0.0,0.0,0.0,0.0,0.0,0.0
USA-LAX-LAH,0.0,0.0,0.0,0.0,0.0,0.0,0.0,0.0,0.0,0.0,0.0,0.0,1.0,930.0,0.0,0.0,0.0,0.0,0.0,0.0,0.0
USA-RON-WEH,0.0,0.0,0.0,0.0,0.0,0.0,0.0,0.0,0.0,0.0,0.0,0.0,1.0,600.0,0.0,0.0,0.0,0.0,0.0,0.0,0.0
USA-GSO-MOC,0.0,0.0,0.0,0.0,0.0,0.0,0.0,0.0,0.0,0.0,0.0,0.0,1.0,122529.0,0.0,0.0,0.0,0.0,0.0,0.0,0.0
USA-OMA-OMA,0.0,0.0,0.0,0.0,0.0,0.0,0.0,0.0,0.0,0.0,0.0,0.0,1.0,1262.5,0.0,0.0,0.0,0.0,0.0,0.0,0.0
USA-LOU-LOU,0.171052631579,60.0,0.923076923077,0.25,25188.5,0.0526315789474,0.0131578947368,0.0,1.0,0.0526315789474,0.0,1.0,0.105263157895,42401.2857143,0.125,0.0,0.0,0.0,0.407894736842,99.9615384615,0.161290322581
USA-DAL-MES,0.0,0.0,0.0,0.0,0.0,0.0,0.0,0.0,0.0,0.0,0.0,0.0,1.0,835.0,0.0,0.0,0.0,0.0,0.0,0.0,0.0
USA-SAC-CIT,0.0,0.0,0.0,0.0,0.0,0.0,0.0,0.0,0.0,0.0,0.0,0.0,1.0,1025.0,0.5,0.0,0.0,0.0,0.0,0.0,0.0
USA-TUC-TUC,0.0522388059701,0.0,1.0,0.425373134328,7915.56,0.122807017544,0.0522388059701,0.0,1.0,0.0671641791045,0.0,1.0,0.134328358209,721.916666667,0.333333333333,0.0,0.0,0.0,0.268656716418,861.833333333,0.166666666667
USA-HIO-OCE,0.0,0.0,0.0,0.0,0.0,0.0,0.0,0.0,0.0,0.0,0.0,0.0,1.0,695.0,0.0,0.0,0.0,0.0,0.0,0.0,0.0
USA-AL-BIR,0.0294117647059,0.0,1.0,0.5,6490.53846154,0.235294117647,0.0294117647059,0.0,1.0,0.0147058823529,0.0,1.0,0.0441176470588,1056.33333333,0.0,0.0,0.0,0.0,0.382352941176,220.578947368,0.269230769231
USA-ONE-ONE,0.666666666667,0.0,1.0,0.0,0.0,0.0,0.0,0.0,0.0,0.0,0.0,0.0,0.0,0.0,0.0,0.0,0.0,0.0,0.333333333333,450.0,0.0
USA-TOL-TOL,0.0,0.0,0.0,0.536585365854,3353.77777778,0.181818181818,0.0243902439024,0.0,1.0,0.0,0.0,0.0,0.170731707317,68761.0,0.285714285714,0.0,0.0,0.0,0.268292682927,1898.0,0.181818181818
USA-NYM-LNN,0.0,0.0,0.0,0.0,0.0,0.0,0.0,0.0,0.0,0.0,0.0,0.0,1.0,279000.0,0.0,0.0,0.0,0.0,0.0,0.0,0.0
