USA-STC-STO,9.68600370841371E-5,9.641315240316088E-5,7.565453644200714E-4,2.9764194672129274E-4,1.4575290564458642E-4,3.0803152127578055E-5,2.3327970169938217E-4,6.183836483995351E-5,7.81382964175309E-5,7.06066575464086E-5,3.124984242246618E-4,1.6309018218616395E-4,2.1022048893536773E-4,1.7276889555478713E-4,2.0235188295822872E-4,1.1915491369638475E-4,4.393844077446377E-5,6.902968084802614E-5,3.0907990472932095E-4,1.8838741296067123E-4,2.373959213974004E-4,6.86413585961634E-5,1.0270802051733384E-4,6.071572975726372E-6,7.66003061956129E-5,1.3712365854497063E-4,6.417041120771434E-5,3.415905672727409E-5,0.9954583663310842,1.5636355698139787E-4
USA-SAL-SAL,0.14939678525610883,0.04989322642594795,1.943642171488645E-4,0.39573904823455597,4.188202166280399E-5,0.25419165915159564,0.08267176764785805,2.198283069519341E-4,2.582634196948302E-4,1.3691639137717693E-4,1.227027196442456E-4,7.172250625731525E-5,2.4427897434693767E-4,0.007833433657208658,6.413574494262706E-5,2.278474972758192E-4,6.988592438567724E-5,1.4377519931506083E-4,3.3538049354224546E-4,0.0038789041939065482,1.0469072404363888E-4,7.525599404649072E-5,0.052829051891869865,1.5680406785610927E-4,6.283311780250588E-5,3.5016967041982805E-4,1.7019962059786645E-4,4.861341464263356E-5,1.0072910348398362E-4,3.658444115101116E-4
USA-LAX-SNP,-5.77804317582026E-6,1.4284369874659498E-5,-1.3413764353414492E-5,1.7862004980184335E-5,1.351389229230868E-6,9.432698576349373E-6,3.816977423855388E-6,-2.523315438749498E-6,1.4319793625881986E-5,-7.730350042552355E-6,-1.1133340020000472E-5,1.769385712973325E-6,2.741739042404744E-5,-1.0563498280222344E-5,-6.881359563318975E-6,-5.489327912812967E-6,-5.255902644664669E-6,-1.2552086968763135E-5,0.03613291410252655,2.01405167060319E-5,-1.014468476914953E-5,-1.601235324375485E-5,7.4977457659916334E-6,2.0967534987997122E-6,3.6852831768939963E-6,0.9637944211585284,3.2861452760360867E-6,-6.5237565002109505E-6,4.735625431770822E-5,1.2349813269775027E-5
USA-RCV-RIC,0.7056325849347462,1.335584530272631E-4,7.36736186932172E-5,1.0982814934263053E-4,0.07756243309964471,5.886541639472838E-5,4.709196893913077E-4,0.024974484099656163,0.0010330669510488948,1.5377087618579423E-4,1.2590256539755037E-4,4.360517103140791E-5,2.6973897387867724E-4,2.9133833285055636E-5,2.4399070319106983E-4,1.118900094153503E-4,7.289773476876381E-5,4.735870122832655E-5,9.460455332485736E-5,0.014840127980495324,9.826429184877775E-5,0.001004381791622604,1.4648108942155207E-4,0.04634984116638481,0.032486567100036445,0.08533438808721293,4.3666958812501184E-4,2.3184171489767618E-4,3.570324547163528E-4,0.007472097201586615
USA-BOS-NOK,3.3485937587090657E-4,1.383970897195879E-4,1.4740907808098236E-4,1.1103292246761189E-4,9.564980991889715E-5,5.88264422018276E-5,2.968979324035231E-4,0.04897459580595278,0.011375393213233565,1.0678711591644123E-4,3.200604547226223E-4,6.447931134113846E-5,5.611914388298661E-5,5.91104791374003E-4,1.3303624904115847E-4,5.346468252929927E-5,2.0432061790052555E-4,4.9117106810402846E-5,1.5011074921034585E-4,0.9340750930574191,1.3347729444840168E-4,1.8191160493402801E-4,1.1978504305622561E-4,0.0013042696822797258,1.1681480316161227E-4,1.6801983033139288E-4,1.4720233048432242E-4,1.8473366471133664E-4,1.671801449694346E-4,1.3985065162553268E-4
USA-LAX-LSN,5.393384241004413E-4,0.0015041787481759766,0.02413047114217284,2.3564608645914553E-4,0.0032297433249730556,9.91200034147247E-4,0.0019553425557142993,0.0013944353389989553,0.0014540470580366638,6.146325336101766E-4,5.355180028975792E-4,0.0035357975431038985,0.002718107937347362,0.002063985226612025,4.948552510875265E-4,0.5994425560662602,7.664313221044664E-4,4.5450037120257724E-4,0.001127722104121503,0.0016457452737204629,9.940669572307604E-4,0.0013270379194535746,4.607573907326377E-4,6.117286359785661E-4,8.938174363576552E-5,0.34413297444375296,2.803493674494386E-4,8.598670200303489E-4,0.0020464129619450692,3.6316921494445654E-4
USA-GAF-GRN,1.4445825458943033E-4,0.2499426922899197,7.172719874603635E-4,1.3198963749146565E-4,0.0010088898673299943,7.510889709635891E-5,8.991796438237752E-4,0.1766371739064929,0.006802039828908288,6.796019416255541E-4,5.757153603363235E-4,0.00174622100516077,0.0015068998807443446,6.191820197153583E-4,6.449731962091797E-4,3.330509058357328E-4,3.4051534142634325E-4,3.8410336661859063E-4,0.04210415488202042,4.742685336853333E-4,0.3930741080065546,8.592809942198435E-4,0.11221881613213074,8.890739634862624E-4,0.0027016690088446527,0.0023589588720582277,2.5337450601680176E-4,1.2961772345833605E-4,0.001578863527660746,1.6874651907951017E-4
USA-EUG-EUG,2.820042002083235E-5,1.0402767623893175E-4,9.211764232436168E-5,1.9686429653905374E-5,4.15260142375755E-5,2.833793303414702E-5,2.5486848759168298E-5,6.609743422063624E-5,4.903284406762986E-5,1.326804555423709E-4,2.947462047719371E-5,6.254801292027115E-5,5.740031686384428E-5,6.0677479594175085E-5,1.4101288290904602E-4,5.59432711228232E-5,0.016973581835062403,1.8170222305939032E-5,2.8346454781875996E-5,3.437127350500532E-5,5.947944240272242E-5,5.969994585286059E-5,3.222709717994637E-5,0.9815590275009265,3.291647148957979E-5,5.014644858565808E-5,2.986947406352455E-5,6.338215384327766E-5,3.814222484557531E-5,2.63891731684214E-5
USA-KAN-KAN,2.6015591414000103E-4,3.954512343940592E-4,0.12181516937549204,0.00165315780307637,0.004333254804813679,0.40970633004075596,1.698338060872373E-4,5.269907316588128E-4,1.3883435030495625E-4,0.0016193994857560598,2.3403061532766795E-4,6.112892003534442E-4,1.3486920606548843E-4,5.811818713913827E-4,9.320989668684115E-5,0.03708944752450399,0.001221027113177643,0.01952489553641344,0.0018988742696000938,0.19343353084929282,6.085320569843966E-4,0.12950651603991375,2.3124522250341824E-4,9.652075450424141E-5,0.07249078034162341,2.6042644343902835E-4,2.59067520821513E-4,8.963649880096544E-5,6.512636675053914E-4,3.6507782461181053E-4
USA-HRT-WIM,0.07080204555292782,0.0030940867179617853,0.42979200052061195,0.20419927108422445,3.0354673095647484E-4,0.005439331959132717,5.166593404376987E-4,5.36792619360123E-4,0.0010903924174766686,4.203326269253241E-4,5.259692030307598E-4,1.1689712078241051E-4,0.03247998448641127,1.9329685956924564E-4,0.0019435631587157085,0.0040715453660520136,2.8126546365800717E-4,0.09775193300809984,0.0010991895343291543,6.602783595036966E-4,1.9660293548372587E-4,3.036860450163792E-4,9.201201192519379E-4,0.0013552807844165657,5.939438124780054E-4,2.94961753470371E-4,6.049115183484766E-4,5.54668807529993E-4,0.13963263695624087,2.24805137596788E-4
USA-PIT-PIT,2.1204007760601822E-5,2.765797208232208E-4,5.178008565835542E-4,2.690089924045115E-5,0.49873262961397086,0.07314119194925299,3.0494222309217408E-5,2.401811887270485E-5,0.03663353792274129,-4.239505561639015E-6,1.3887597273686924E-5,-8.044842231788178E-5,7.171272426835377E-6,6.158551244996022E-5,0.035372074312533835,3.5991658117208375E-5,0.13432642100752867,3.1896153791408204E-6,0.20161684166517707,1.5853381275053106E-4,7.558836980955485E-4,5.93035949757701E-4,-4.976375026213931E-5,0.01727648145447103,8.941233716995416E-5,-4.9788945748452736E-6,1.659310287485073E-4,4.7146052530656E-5,2.1739457735896797E-4,-5.908290607884285E-6
USA-IDO-IND,0.016343967892732243,9.439548393901592E-5,4.396571044252614E-4,0.04943266351720429,0.02997319384213611,0.04755900700369474,1.335233712706608E-4,7.177248687384216E-4,0.055959511926820485,1.2050479660720018E-4,0.003348877456012597,1.020866048394668E-4,1.5866941718001239E-4,5.191273329338948E-5,9.664851999419611E-5,5.1755940173767555E-5,5.4918831056907277E-5,0.013323862069960295,0.018131983723369927,0.025910033688575123,0.60372837874525,0.014919633373672551,0.04952372571532628,4.388989266339792E-5,0.011084557252341566,2.457494993231032E-4,3.2035545641245295E-4,5.780693756830696E-5,0.05770207479425011,3.689295411680031E-4
USA-PTT-POR,2.7012274790853038E-5,1.8133706022954636E-5,3.914601948622422E-5,2.6483913454365286E-5,2.5769260717386546E-5,1.9316083287145023E-5,2.63110612878172E-5,2.3295690284316855E-5,5.6640825374100704E-5,6.544780285054351E-6,5.671386029152654E-5,6.982965316031301E-5,3.386769376518243E-5,8.889652210321924E-6,2.1375310137387944E-5,2.168640819652154E-5,2.3328829704035817E-5,2.4670611916880447E-5,2.928795806868899E-5,5.295517173251823E-5,3.0910782037100293E-5,7.707453826075188E-5,1.486228957055416E-4,7.164519729904007E-5,0.9988741253336033,3.933707896116982E-5,4.187087044701278E-5,3.474908182056013E-5,4.934877942263232E-5,2.105667826930588E-5
USA-CLS-COL,3.4230514114819155E-4,8.201306744663937E-4,0.0026631623394486018,7.305620360736443E-4,8.616203547328659E-4,0.028826934543125647,2.2774618905254174E-4,1.443932305104548E-4,9.399730411504815E-4,1.4344630410465173E-4,0.21173764455878588,1.931372315197887E-4,0.002516964961093666,2.573239516045155E-4,0.1548234473465555,0.27765606925269637,9.50927755764214E-5,0.10856765613727426,1.5242217423640358E-4,1.7365507418468128E-4,0.10822475706762485,2.698277441971851E-4,0.004236906739191181,0.0021337151827096755,1.5941907344349735E-4,4.218991533158904E-4,4.179052079524657E-4,0.05337477971479194,0.03865978122165555,2.2732157777662112E-4
USA-PHI-GIB,4.963862626822931E-5,0.0788896471410277,5.503828428173796E-4,6.867578288857208E-4,0.02073460750504987,4.605678177446073E-4,0.1773807560447438,0.020707821362048306,0.05849620792677816,0.009452430004393952,0.021345037344777783,2.074642353323485E-4,0.0011155872466840123,0.065419689296543,0.045745320732690234,0.02928010279402347,1.4833723087904604E-4,0.05721778825255504,0.04364147143736664,0.009798743228131271,0.05863880224809958,0.009356574728054083,0.04953194388607121,0.04168071154945468,0.02519536436504993,3.442660511101654E-4,0.03928830081169005,0.013536387781890175,0.08033193044777483,0.04076735923206487
USA-CIN-CIN,2.3070031943887902E-4,6.82025001125054E-5,2.0304042525644392E-4,1.3546061598898221E-4,0.10593422335215186,4.814123217758613E-5,0.11540821721168677,2.801696310962609E-4,2.2130357361883804E-4,7.642746375450293E-5,0.5935064467421698,5.090503846275238E-4,1.5169623535290843E-4,1.899967847997296E-4,1.6858115957590152E-4,0.1340285745454697,8.291145385134817E-5,1.741836044705515E-4,3.0427198637590516E-4,1.288786740157367E-4,0.0018895971813982352,2.757058971546315E-4,1.8222050286889269E-4,0.04377357783052767,2.479114755751896E-4,1.2930076847235647E-4,3.8263914271065833E-4,1.5436308018492188E-4,1.5770300964625876E-4,9.565032154692341E-4
USA-WAS-BAT,5.201688037250939E-5,4.5308973353748786E-4,1.586337134741602E-4,9.610499676997011E-5,0.0011242499734185737,7.490719299026809E-5,2.266564133160211E-4,1.987989660834528E-4,6.1852522756454E-5,3.242986428903033E-4,9.106259469665214E-5,2.2248192771450817E-4,2.278900837948349E-4,0.3826041299502043,1.3405121406988768E-4,0.019209423003077784,0.032274807975720576,2.4222428567841582E-4,2.015609143010765E-4,0.0010588302884236174,4.8631252587830735E-4,1.2191745387608387E-4,5.222677610450628E-4,0.30818689955195194,2.795773264271516E-4,2.6821810213360043E-4,2.3514638979986574E-4,0.1436696231710216,5.2605597712653225E-5,0.10714036084686286
USA-NYM-NWV,1.4103533886319984E-4,3.2388639834448135E-5,1.121433079442385E-4,1.1468309445257141E-4,1.0445109111787955E-4,1.5028564190784605E-4,1.506757693320569E-4,3.4700683166291466E-4,2.905233022851535E-4,8.002738204735924E-5,2.2156711744660126E-5,1.374088252204885E-5,3.5368041093970104E-4,0.9940700970466503,1.2814134970922628E-4,0.0010030746529282398,1.3992231989328401E-4,6.0823219804548074E-5,2.503637957103353E-4,1.107619629717954E-4,3.3835122734703673E-4,1.7472486137605855E-4,6.861802937827205E-4,1.501287419771864E-4,1.9125675996590363E-4,2.87473278888687E-4,1.1430445508630327E-4,8.736315123463591E-5,3.950214738679481E-5,2.547323306331494E-4
USA-ORL-ORL,1.4948965752116495E-4,0.001199145221137296,2.5153172434404876E-4,9.578042273998416E-4,4.0830917651167635E-4,5.122723069943999E-4,1.375791656849977E-4,0.0021423091105738598,0.0018278060063709155,5.911813174527254E-4,0.0012043627109004106,0.0014249785977671068,8.81950195567503E-4,0.0017340566082170465,2.3836264383579711E-4,0.004293593482604429,1.0480463200531678E-4,1.554107456011117E-4,3.48179950760871E-4,0.5771685145659393,8.31916245434947E-4,8.125526926152508E-4,2.1346165925029817E-4,2.8934217798065005E-5,0.1199879867950013,0.24476052057026515,0.0021242400969880303,2.79117800517606E-4,9.30755262877268E-4,0.0342988726120623
USA-CHC-CHI,1.436858056784184E-4,4.88408229225559E-4,0.002258391141184305,9.777144992282622E-4,2.5467055760771356E-4,1.8071443390969353E-4,2.266181575520116E-4,3.797505953227682E-4,0.1092842910883445,0.17483985515718728,2.1219441228203078E-4,2.2501377579337692E-4,1.0148431613292903E-4,1.2816251602912912E-4,0.10452376530006217,1.7353929229410323E-4,2.64480007134222E-4,2.0788797787677358E-4,1.024202176452615E-4,8.809351919583304E-5,3.7692754456317655E-4,0.009077139890757245,2.6895423146623524E-4,9.840593767435162E-4,0.18070892615322504,0.36617697130120047,0.0456917822851055,0.0011530477260503413,3.2010929194216327E-4,1.8094119926006098E-4
USA-LIN-LIN,2.9198651488401346E-4,2.730735549078782E-4,0.0547264994820462,0.002586113934053421,4.215358637790622E-4,2.748192999201963E-4,0.0727350714611659,5.400689369946339E-4,0.4067799430212367,0.0019864398550041235,1.5060344853210143E-4,2.4269165293465067E-4,0.011159900441057373,7.549101786207236E-5,5.528300380064726E-4,0.003338346993347242,3.745909536776817E-4,2.012915391475656E-4,4.3157394043157754E-4,2.3133137545330084E-4,2.637645299168851E-4,3.531327153307105E-4,4.0214964026421304E-4,0.0038723156091117227,2.152635354060565E-4,0.4330052987853502,0.0027580302481534547,2.9122696590187666E-4,9.339284749038274E-4,5.30686171218986E-4
USA-ELP-ELP,0.0015927349416756135,9.857974240530861E-5,0.757038578212332,7.813069966130947E-5,0.10489569477458874,3.9119067799538577E-4,9.56385031369667E-5,1.4718539613782988E-4,1.4229202757303093E-4,0.014862504463617797,2.2755677398485875E-4,6.88084723189675E-5,0.031787266340040345,4.499500554043938E-5,1.1429748196748698E-4,0.0030738138965692202,4.1899693211214105E-5,0.08374511279683977,5.238452916848512E-5,1.8507890589884184E-4,8.258639713820081E-5,9.447022917198791E-5,1.046514513097645E-4,2.9366385324137707E-4,1.0703547530116798E-4,5.534766782042014E-5,6.932324911511249E-5,1.0569651731720134E-4,3.5846732526520557E-4,4.5014499655909E-5
USA-FAA-FAY,1.150979395115192E-4,0.10715274655764982,0.06933132307538493,0.06190549698169932,0.14818047234038786,0.07718551785265977,5.386398991996349E-4,2.9103536098493203E-4,0.004184506961397121,1.7511724486629063E-4,0.09709280678091825,4.842385323203147E-4,3.3401652638191063E-4,0.09314621014990151,4.5541970987384757E-4,1.5409737717642254E-4,2.2429233983466043E-4,0.06771610969714223,0.0014528860986641036,0.03385788330312226,4.580985764241023E-4,1.64680029482546E-4,3.838851641446498E-4,5.245639008009533E-4,1.1410215887252641E-4,0.046611120781206376,1.616643922047898E-4,3.424493212825121E-5,0.18747744117745643,9.228415820263986E-5
USA-NYM-NEY,4.7575773635888225E-5,1.9108451499263445E-4,3.824514410259484E-5,0.0062865497770015965,0.009335510126613236,4.025996515933736E-5,7.382828088073058E-5,2.0482658595134457E-4,4.2968067800413937E-4,4.24620401995359E-4,6.451387308919374E-5,0.181480994959378,0.03782496057737938,3.504980923224795E-5,4.380872216754487E-5,0.01714898961858044,0.018832311373106404,0.6454036095263663,1.199452429759085E-4,4.74944417869882E-5,1.2046451964206919E-4,1.4820295044011867E-4,0.008843403339078048,0.02210870795579627,0.009267013301082655,5.061056326823252E-4,1.6971330530698864E-4,0.003182465654512472,0.03587876304486071,0.0017013009041989297
USA-HON-WAP,2.258532288906709E-4,0.17753650326379003,2.0166456822614444E-4,7.70232765521796E-5,0.04444346647103603,0.0748608660045487,2.327565037261664E-4,0.040895481102944164,0.08766556214138153,9.77205092447284E-5,0.0027444267593729195,0.04623232676073592,2.2136911649435763E-4,2.4684860090358387E-4,0.06820178286924489,0.16609556461444624,9.134489635828092E-5,2.4888567354167145E-4,0.013212000259306824,2.3821915668629598E-4,1.2479701954515722E-4,8.754597728914488E-4,0.11619542937677295,0.08943596054912614,0.04193723361482222,3.243269420332247E-4,2.231054346077516E-4,0.010201577783444066,1.2971296572567947E-4,0.01678273076360007
USA-SAE-SAL,5.279143616513959E-5,8.762401914056461E-5,4.308874951427291E-4,1.2469157531969335E-4,2.9242777754103954E-5,2.559139697237859E-5,0.04839286846968664,0.08472465438954371,2.9227810969946147E-4,0.6934006227024254,9.032733583564023E-5,8.70399225787623E-5,1.4238771094417251E-4,0.007425062364688309,0.04868215702606063,0.004994437582653808,1.227962308261768E-4,5.643112492979479E-5,4.709115251307818E-5,8.293788063617764E-4,1.9460189947969022E-4,0.025287235347270398,3.1136622123830345E-5,0.04912157540819829,1.6711906798958688E-4,2.0698194797980535E-4,0.018615429717229553,1.2510142262845106E-4,7.575664508313557E-5,0.016136700292775547
USA-GES-AND,-2.123954908250165E-5,3.7383595260836314E-5,1.3831366873537699E-4,-2.249418074617784E-5,-1.1324366678832346E-6,8.451474183404044E-6,2.9699422430623513E-5,-2.0458560626262E-5,0.1317566372360666,7.85925784277777E-6,-1.057800755453995E-5,-2.4356863748145492E-5,-1.9847663801762176E-5,2.949200414117334E-6,4.217737202260069E-5,-2.956119190537342E-5,1.4412924547662724E-5,-1.3360502442021825E-5,-1.223110075933612E-5,-3.5049688541956506E-5,-4.839703547166479E-6,-1.5420883677238258E-5,-1.379772492419454E-5,0.8682298742979968,2.7916682237682538E-5,-9.310145333659565E-6,3.363351793370727E-6,-1.481199376629697E-5,-1.0083036032267153E-6,-2.953998280405429E-5
USA-SOB-SOU,1.0365443089092786E-4,3.610269579223511E-4,6.563941304382809E-4,5.557262201372957E-4,3.5145186515383417E-4,3.07214929838709E-4,1.9788848536110318E-4,8.535021072834944E-5,2.1074668954393187E-4,1.576818714678786E-4,3.8275225276755194E-4,0.9875785883867624,2.1635358794764808E-4,2.526771010831587E-4,3.824362082739326E-4,1.3297415021521606E-4,3.833262107902048E-5,0.0010295693399232637,4.5157667995161967E-4,2.0813520506025423E-4,8.075273906779387E-4,6.96787646245088E-4,0.0014107054092206946,2.661389776846003E-4,0.0014442574661940504,3.591509428970853E-4,1.213296155364584E-4,2.623526978306745E-6,0.001060765896384793,1.7018180363414178E-4
USA-TPA-TAM,4.12526803729839E-5,5.201422174253079E-5,0.007245803328826457,2.690174501501797E-4,5.878646118345025E-5,5.82133645074278E-5,9.076249427726963E-4,0.04473957870903865,8.350447536058224E-4,6.716856637173208E-5,0.17778709320403083,0.1307183163405865,1.4586330405754166E-4,0.5519889563441638,0.013744773218668554,9.830576288775431E-5,4.668174432542193E-5,5.3131139670259194E-5,8.472932427879682E-5,1.4336561432727528E-4,6.93574634806862E-5,6.471654277191449E-5,0.02769326483699885,6.668051327027186E-5,8.215366689011313E-5,1.2905450191964653E-4,1.3761032266215357E-4,1.5174304502791965E-4,0.010577670798576562,0.031942027832833474
USA-VIR-SUF,9.96095898063028E-5,5.290604402307561E-4,1.2219310444279693E-4,0.01528346974516614,2.3918734646084214E-4,6.25244525240102E-5,0.03992123135707231,8.5585794263051E-4,0.06436064559987223,0.07515338217784735,0.06851793417284065,5.801024894057306E-4,0.005790923324553382,4.571989350502597E-4,0.04611508537171001,0.08557794470036037,0.01670850707874925,2.400209939223895E-4,2.246229159614112E-4,0.07629075940042232,0.3797162258965782,0.006976673150940602,1.5174539512098154E-4,4.60840403322258E-4,0.060590550416269075,1.9396540993949236E-4,1.1079799568795337E-4,0.012749194401363503,1.694568175889031E-4,0.041750288974160346
USA-COL-COL,3.531955529032001E-5,1.6492536399108324E-4,2.2590630345416883E-4,-2.2984663229033258E-4,1.6969239526823553E-4,7.374591933514765E-5,1.1975700019193807E-4,-1.8071275876887865E-4,5.921017227339667E-5,1.0125669939423955E-4,-6.674307492885088E-4,1.0243320444642616,-2.879444776259822E-4,6.874503027271524E-4,7.436435554512078E-4,-1.5701767783910245E-5,-2.9463110177061066E-4,-0.001033918031478793,-8.155137730398713E-5,-2.7139560205507947E-4,-0.02443314220528351,-7.61142820056016E-4,5.582805358052526E-4,1.6339854515022957E-5,-5.890238041543662E-4,7.444611526246904E-4,4.978022599534875E-5,5.909514955792981E-4,1.6211052218543362E-4,1.1565809516329121E-5
USA-DAY-DAY,8.904218374059112E-5,3.1311089565618075E-4,2.768133291551156E-4,3.755569699779972E-4,5.984376111228817E-4,6.218089493233343E-5,5.663629328584002E-4,1.388584008072476E-4,0.9940417859930786,6.9284367832179E-5,9.185552744366033E-5,1.6587954442724134E-4,9.152298330710139E-5,1.9234827731618993E-4,8.138105790085803E-5,1.0155239534750839E-4,6.973325074378381E-5,1.9896627914932726E-4,0.0010465972933701574,1.589049880407503E-4,1.7871733758731122E-4,6.821252068910014E-5,4.6735644417985516E-4,5.386209288490534E-5,6.458778649185337E-5,1.2067194997759906E-4,5.251794923180713E-5,4.914720507834213E-5,1.6054030246523735E-4,5.4211235206062214E-5
USA-SAR-SAR,7.011850576826116E-5,8.698474654735694E-5,0.0018027730491360296,6.839860184431552E-5,6.413933820742607E-5,5.0797191387272595E-5,0.05677639586621775,3.793292946714589E-4,4.552997526140306E-4,0.0035375903447600267,1.26563443389073E-4,0.17961962249698787,6.927368781966254E-5,1.467891652463521E-4,0.754130965845064,8.857959251493026E-5,4.5011010393637583E-5,3.623014715291548E-5,6.179762850214069E-5,3.256119848538177E-5,0.0014118240058081767,1.4027077575044943E-4,7.239564836308258E-5,9.192109352331442E-5,6.904214081192411E-5,2.296937297917798E-4,7.120381643850029E-5,7.635314112132492E-5,1.514079843507006E-4,3.6666757330977706E-5
USA-RAL-WAK,0.030109269953244106,3.1259849412859056E-4,6.962375890573058E-4,1.7401726001193646E-4,6.220063022754936E-4,2.586438380733051E-4,0.29653353690781215,0.062253265377568846,0.10067117180360738,0.039919905405814346,2.327732621914383E-4,0.08360542768226287,5.875561079251022E-4,1.6575817275887804E-4,2.5455674804949184E-4,2.5400457750175416E-4,0.02796933008600082,0.008468656231592308,0.026163369463106097,0.1220327113060675,0.0786210236128817,4.1262483569656316E-4,1.3741040270641948E-4,1.2790880652856473E-4,3.3952385924505916E-4,5.398007976171639E-4,1.2105770421020597E-4,2.3618503463308194E-4,0.10476357323623223,0.013416095141199472
USA-SAV-HIN,7.03953065962544E-4,3.993226022945551E-4,1.244716438007411E-4,2.7088761558897274E-4,0.02610811112724983,8.454755573884175E-5,0.2865053374020587,0.15082185363752543,0.0010907935732351148,0.0017236336445481865,0.10592803373160424,2.324027550951396E-4,0.0028743405547183984,0.12040197536230071,0.002731312718361655,0.0620492486459291,9.52802432565815E-4,1.9160008160094754E-4,0.1653163150433406,9.806332958643927E-4,0.0023153697644814,0.03146423097133066,0.028295893469838504,5.81873110802266E-4,0.005927758715639834,4.547132007704203E-4,7.242982912849887E-4,3.512190548311812E-4,1.4137228369805654E-4,2.5169464793871663E-4
USA-SAB-SAB,1.0997412720841583E-4,1.0213714323330723E-4,3.411167035263355E-5,3.421900497343204E-5,6.119802293840792E-5,6.865168115779353E-5,7.815859578412065E-5,9.546228953165562E-5,9.35202008573631E-5,5.0967501975020045E-5,5.0330381238310656E-5,0.2688760031153557,8.982756616398746E-5,8.938076872672782E-5,5.196308113225251E-5,2.5574207353985015E-5,3.574142413680651E-5,2.7225737179950317E-5,5.0712957573735256E-5,1.4678094428998816E-4,8.457275361096641E-5,4.0700106139689025E-5,7.621295105838135E-5,4.993709282776531E-5,8.877687095451002E-5,0.7291677944059889,6.844593480760375E-5,2.642147528625873E-5,9.622521869305651E-5,1.2897276946947765E-4
USA-WIK-WIC,2.4673785608887147E-4,3.005134255123676E-4,2.032384797719724E-4,8.337261394946017E-4,1.3513337466818418E-4,1.348944092191762E-4,2.138249641418451E-4,0.0013342380616587616,0.1799318537049322,0.005144043029855533,6.903109001309632E-4,0.0451757861916204,8.529455820251889E-4,0.0189629835157646,0.23270156104488876,0.22520670071436125,2.936082359834845E-4,4.287848911186613E-4,2.1304952919629395E-4,8.493082858931073E-5,2.5731739877997737E-4,5.276797991975677E-4,9.159913694494059E-5,1.4495539573752237E-4,3.2431336490053005E-4,0.28403010430465886,1.7858508255072018E-4,2.2804780793344426E-4,6.873927496606431E-4,4.4114008061349626E-4
USA-GSO-GRE,1.22483505812959E-4,3.6241093501509987E-4,0.41078917555887956,3.4404780161189575E-5,7.653758889925651E-5,1.225514470959564E-4,7.107080102696792E-4,7.542683253294572E-5,3.781958441381283E-4,1.8958065756723253E-4,2.1981526544068025E-4,0.3929160931041767,2.055376749032819E-4,7.065638978413524E-4,1.8424542109756338E-4,1.1158684094634202E-4,7.12105648759103E-5,5.1496910062067395E-5,1.2524814414795654E-4,4.927113724537069E-4,2.7593938130266826E-4,4.3861263621424617E-4,1.6979737532300733E-4,7.272301134408218E-5,6.90006420315361E-5,0.18940352677790062,4.5525714210813053E-4,3.6333613388515456E-4,3.9853354441253037E-4,4.072889991603374E-4
USA-REN-REN,0.0014338712935571978,2.9184348171406297E-4,1.02419593662977E-4,0.06401900449426592,0.09890782449541509,0.008951198544591976,1.3051907696984543E-4,0.009276754245651228,3.9483711986855094E-4,0.05724109389390669,0.04054193746636589,4.6123323498932376E-4,0.11945885534221443,7.73213988153507E-4,1.6739626855518576E-4,0.04887176984625687,0.015916336846649993,0.09146315447924742,8.790117164557566E-4,0.05466409975516625,9.977914045019295E-5,0.0020059633337620483,0.05126693734609482,0.07965077125200262,0.05313898496510688,0.043848558869244283,0.09512249299316498,0.0030210380245285686,9.036257507519522E-4,0.05699547314123554
USA-MAW-MAD,2.0985305089828466E-4,0.5818570194264702,9.398748388915796E-5,2.868313594699201E-4,1.2396405381479874E-4,0.013823437945080414,2.9849712576543767E-4,0.0015863464649952484,1.4207275771806714E-4,0.06658269761361366,7.768800498739965E-5,6.330099655207874E-5,0.003402109714757861,0.273362838866921,1.656607805242386E-4,0.014072400669813594,1.966688353126181E-4,4.647761732844867E-4,1.3402019046402752E-4,1.5345389186330354E-4,1.3790687912938556E-4,3.310187369863555E-4,9.461247866160915E-5,1.1685246835853225E-4,6.495065851093562E-5,7.761180979498326E-4,1.3857078279739109E-4,5.319212165600058E-5,3.281390611058879E-4,0.04086101330864844
USA-LIT-LIR,9.429079443417524E-5,1.3984338044300908E-4,0.001665677687476211,7.31440508366901E-5,0.8231786031744132,2.260481059709249E-4,7.23751405404122E-5,8.16476984781962E-5,2.3101852602080152E-5,8.199540475727113E-5,4.049505200340476E-5,4.941767627665202E-5,1.01055593973454E-4,1.6811904994070212E-4,7.064097250885101E-4,1.822239861695117E-4,0.1712361553889804,8.484528721676551E-5,3.4479699395834876E-4,6.885793352480526E-5,2.5269348697720787E-4,1.5494752219195095E-4,6.527817105308067E-5,2.718947076151762E-4,1.178480433712046E-4,1.1053696505859082E-4,9.948135360480908E-5,9.319314870686662E-5,1.5852678584133293E-4,5.649583849519762E-5
USA-HRT-HAR,1.5473531246860934E-4,5.316604300789867E-4,0.0010705120343378794,7.017694657673299E-5,6.574863795936875E-4,2.9103134633830057E-4,5.0512803179083E-4,4.4251312764265205E-4,3.012427284332244E-4,2.238553122702459E-4,1.2762589875903635E-4,6.620184003948935E-4,2.8600818555954427E-4,0.9883057976300561,4.8124236255461594E-4,8.07836412461083E-4,2.461019767359146E-4,5.580079462486798E-4,4.512589170966448E-4,4.1389270212949833E-4,7.173490407144025E-4,3.227941918131669E-4,5.448813307434685E-4,1.0829167379165985E-4,8.884396746915144E-5,8.725345680089158E-4,7.868680452653044E-5,1.3578434977483902E-4,4.645233089001916E-4,7.817868273048342E-5
USA-CAC-FOF,0.08507093840603065,2.903943467396516E-4,0.07689973213884985,0.1345754118363262,9.742122667689266E-5,0.0416424614269224,0.17550130447795706,0.10433216705636027,0.0595570206848235,1.5755574766583786E-4,3.052525989126421E-4,3.3721511290357877E-4,0.08318630424766743,6.19516487102042E-4,1.0469967298277656E-4,0.08841260802523378,4.1426800232244847E-4,8.902810479688951E-5,9.472678967290455E-4,1.1551155654935424E-4,7.12206961349137E-4,2.843164901367971E-4,0.0014103046954757103,7.606026525094664E-5,4.954018279893368E-4,0.016518866267587706,0.0023787737374695397,0.02464832495345104,0.05027618141136614,0.05054348433637153
USA-BOS-WOR,2.702297237040291E-4,9.684659118319991E-4,2.1457503136688578E-4,1.1017244828566659E-4,0.2037598315924603,2.565713539381911E-4,1.5473843994473724E-4,9.351323698493141E-4,0.1471994524122243,1.5849789100947403E-4,2.5227413160209465E-4,0.027469322813068263,0.0029348771004392314,0.0017066592739247172,0.311179339780831,0.04791955089567087,0.10467171969030828,1.4851799801080497E-4,3.3817030886584647E-4,5.22510456768227E-4,1.5528204846676353E-4,0.04870601634563957,2.923883385065619E-4,2.4291608032981957E-4,2.1746348469348602E-4,6.550151615689238E-4,4.418664395959621E-4,7.282001538439787E-4,4.4979102433732036E-4,0.0969404512989134
USA-TLH-TAL,0.1032138402227268,6.719377681344675E-4,9.737016264713996E-4,3.870908617972952E-4,1.9581109688982106E-4,5.427666301384949E-4,2.3335462089193678E-4,0.3927556001094634,7.359143337115318E-4,1.9865420576478508E-4,0.1274699428543842,5.116838966012582E-4,5.460274300700118E-4,2.5924834624088276E-4,9.433504893706034E-4,0.06630567520588898,3.4655165393331495E-4,1.6935222689087921E-4,4.578682490469003E-4,3.891049898749818E-4,2.864738799739844E-4,2.494529310495366E-4,0.1834380641612333,1.464244163901535E-4,2.8398329047807E-4,4.355650548236823E-4,2.0822345125880038E-4,5.356347084456714E-4,1.382452206196254E-4,0.11697045606743524
USA-ALL-EAS,2.089979801381457E-4,3.403548447052218E-4,0.002822911321709727,4.8232954015099566E-5,0.44411707810438295,0.0011507403641205893,0.0014311374868584239,5.157312769488926E-4,1.1845326017125429E-4,6.144601124764983E-5,9.053993881047754E-5,3.2107936644863245E-4,1.3378182275650572E-4,1.92880992283232E-4,9.445688065354609E-5,3.084124704682025E-4,6.819382003151702E-5,3.342199580418056E-4,0.008940881165321197,1.931612158230409E-4,3.3192209181192944E-4,1.4333051300864628E-4,1.3174819180722803E-4,5.690337423600421E-5,4.2177266313239825E-5,4.7000117788976927E-4,3.077563370504739E-4,2.382928075142799E-4,0.5367749915849775,1.0185420454806357E-5
USA-MOI-MOB,3.8797490705690075E-4,0.1292704177901163,0.17749371480670045,1.1603582349518068E-4,0.003965598502034714,0.007147054634890582,2.4261674595876275E-4,0.1396312290117123,0.0013731207435559217,0.016567199005729553,8.124620368719494E-4,0.0011435647827551122,0.00168058071711313,0.0018351276357946806,0.08859771277466232,0.13676331160985963,0.0017720601199976134,1.6321763827282563E-4,5.964122449088473E-4,2.2337121077089072E-4,0.03165407969357911,0.03404354245544878,0.13085809354214992,0.03425489234504341,0.0010515107472216895,0.0522427974202463,0.0028228986276301886,7.793292088113273E-4,0.0022261854608722096,2.8388775673940126E-4
USA-KNO-KNO,5.36397531084125E-5,0.004268673512425107,5.515033551282059E-4,9.2860988521766E-5,2.459825786772635E-4,4.0748163658793727E-4,3.679391632379739E-4,8.964270220898647E-5,0.12299536339690101,1.8740289920135683E-4,1.5083391182927098E-4,1.2734378610845823E-4,3.681410675054773E-4,2.753736562637247E-4,0.5664789799510933,7.360618479570437E-5,0.1540836008390264,2.4476538814543835E-4,9.309885456399179E-5,1.0761243490386059E-4,1.0716172299291365E-4,0.03316906910406911,0.06700434430891913,7.662690862304735E-4,1.5038726551664712E-4,2.094504067132667E-4,0.034068566836979126,1.000813074636475E-4,0.012918658367968454,2.4216553291345587E-4
USA-CTN-CHA,0.024922256320855086,8.892039782560859E-5,0.02403936717955846,7.153337606809555E-5,0.0014417870110893264,7.975300977916585E-5,2.14821827859695E-4,5.909751387289659E-5,1.821650992021109E-4,3.042469648496872E-4,5.4860077928248896E-5,0.06636877439220765,0.021415433951397705,4.573425942578741E-4,1.254818916807758E-4,0.7260525705615809,0.056904848474621426,2.4246461380382015E-4,1.1419101884273273E-4,0.0312804274204085,1.3576478033145613E-4,1.1946792974356823E-4,1.3764964957701468E-4,1.6084252589550308E-4,2.901249493304636E-4,0.024381835422030734,0.004843053171403932,2.309287947253549E-4,2.0796017366072356E-4,0.015072028905611386
USA-FON-BRA,0.0015724235236276966,0.0013009300123317036,0.390955625397407,1.0062715573341176E-4,0.0020612678184156355,3.0634281561818565E-4,0.13336991957647468,9.372609699242288E-4,0.052244706649910364,2.182942678135975E-4,2.8945227922786695E-4,2.5583399243390195E-4,6.458727621700496E-4,0.04735158828636934,2.0988923296843547E-4,2.5550810619666333E-4,0.001412413975374222,2.8397318057517935E-4,0.001816060937022831,4.912399923128605E-4,5.00580950621997E-4,3.8520604681297415E-4,0.17344808052962174,1.0460325107047707E-4,1.4677751952723005E-4,0.0014909837002323968,3.331359614467176E-4,3.3409217829815524E-4,0.0012000693073389158,0.18597723962312143
USA-CHT-CHT,2.9986799346584814E-5,1.4353579814719905E-4,8.879724039748642E-4,9.757856105939053E-6,1.2981490223203313E-4,5.500863400830177E-5,8.899440557609357E-5,0.0058608139599079,4.3663720826960104E-5,4.6408560359151427E-4,3.846631002568687E-4,0.9301553390776713,2.6452185197695324E-5,8.932744499749201E-5,9.676652747115711E-5,5.286013067123782E-5,5.427466802541238E-5,5.380364285414532E-5,7.146911186425002E-5,5.01099026894072E-4,1.0284920886903561E-4,6.587289664683097E-5,3.423410511661593E-4,1.5566648060331364E-5,1.7077930928102515E-5,1.534531898286112E-4,3.556506172448531E-5,0.059930688295880497,1.2308494702427107E-4,1.3811770250570896E-5
USA-MIW-MIL,3.738726512943115E-5,6.289218606461576E-5,1.5728219160102133E-4,8.821535882685715E-5,1.1822100466373926E-4,0.08791866735594983,7.075470873568333E-5,3.77096978455324E-5,7.147046420178673E-5,5.259585848412598E-5,5.5419979668812015E-5,0.11140996849349488,4.5733396335393355E-5,3.93218198527707E-5,6.223227084081757E-5,2.4642839873706266E-5,2.062000180271024E-5,7.051559098079139E-5,1.6521461697823208E-4,3.4152457464440584E-5,4.965773610484408E-5,3.838145288747349E-5,1.3125390076369425E-4,3.5817268174283045E-5,6.452487644515649E-5,1.84679998977069E-4,1.9868937079145174E-4,1.902305936780142E-4,0.7985201434378835,4.360380549936799E-5
USA-SAS-PRI,8.99069392177615E-5,4.0008788476768314E-4,0.4321297580859384,0.0011711581165679624,2.325011638174034E-4,9.226809601354764E-4,0.13283193161269313,4.018446540438781E-4,0.0014000403418678456,1.3363921413571858E-4,3.0652559663085717E-4,2.1328718411847705E-4,1.3359175952824186E-4,0.0015941127945837998,0.0011208166919810377,9.801137077372488E-5,2.234383573442695E-4,2.1930032008114504E-4,7.796209790582689E-4,4.7760855506769913E-4,6.544677793246362E-4,0.42252485378142685,2.5941567408638673E-4,6.025564770789627E-4,7.521199305253443E-5,2.958330797636286E-4,2.7286155146109695E-4,1.965159671177121E-5,2.6230509181180296E-4,1.529803929294812E-4
USA-BOS-BOT,1.9540375716824225E-4,2.0755723504287105E-4,2.268933388863826E-4,1.633708970073022E-4,0.002861461777932266,7.88330818222398E-5,0.48265507336431085,4.1969113566289864E-4,7.873992797801053E-4,0.005845019729446702,4.5218076492133997E-4,0.0014227744061701,3.8319809905548236E-4,0.12332428623304235,0.1857569860886936,9.504380529584627E-4,0.0030561428380010357,0.013316484027998052,0.0384126668577199,3.1982149611698937E-4,0.0014734386423734401,0.13394649062323732,1.0648442054821346E-4,0.0012523013180504626,1.9664495122139809E-4,3.416357544547112E-4,9.009998895540756E-4,1.3756263869691863E-4,6.369291624201078E-4,1.7183013770618542E-4
USA-PHI-MEF,0.028026106438069878,4.038189059560294E-4,0.07439101605685955,3.541020831093625E-4,0.0669706260986451,5.297741706636717E-4,0.12473638632095278,0.009471090785810819,0.00434178894867699,0.001735665624829031,0.06952303137336022,0.21721030254502485,9.333992113262717E-4,0.0333751233284303,0.02205712308206016,1.5741487716531454E-4,0.0016777030837157529,0.055036043284093616,0.02845403325049698,1.744782953127781E-4,2.519123094043403E-4,0.025941748707580734,0.0025379001572140235,1.5488288512346824E-4,0.030681556301409063,0.0440919515570941,0.06480011214360645,8.547204844389276E-5,0.05017357003995793,0.04172186608560636
USA-JAF-JAF,1.3267878215588932E-4,4.786213540667288E-4,3.5577315755513857E-4,0.0668374602000256,2.764126295068017E-4,1.2515025357109037E-4,0.8719078055367374,1.4491467179063858E-4,3.6796705682938237E-4,1.9572311421620458E-4,3.9090156087403057E-4,4.17350288217316E-5,0.018018932775821832,1.2300548323933655E-4,2.418088902196894E-4,1.6046293092887126E-4,2.31236363492261E-4,1.8478333999422084E-4,3.572890311155882E-4,0.015959207789484425,1.5026290742897264E-4,6.240208304860957E-4,2.5107041791007703E-4,0.005467840564061873,4.61055483353988E-4,1.8213699362918317E-4,1.5720924714283832E-4,0.015379148684742163,6.717488565399441E-4,1.2363606425813792E-4
USA-CUO-DEL,1.3945472600423615E-4,0.0011240591709867687,0.530601991457863,3.4921072516773367E-4,3.3482222235148556E-4,1.199804592351043E-4,2.721863737548639E-4,1.2551147006500043E-4,1.0414754476860083E-4,1.9942874452389393E-4,9.921599007519815E-4,1.9286034287997094E-4,8.620097788621078E-5,0.46069669489314624,0.0016038969665173387,1.1641239065442864E-4,2.3161059368334295E-4,7.56740537562996E-5,4.17981315164404E-4,1.2608801014136784E-4,3.6112330144625335E-4,3.243536083766509E-4,7.016936148302777E-5,6.690470351579539E-5,8.150805368802316E-6,3.47914338893464E-4,5.981984511508499E-5,2.125357062922908E-4,5.247935064048687E-4,1.1386248380147626E-4
USA-PLM-ROC,1.0799768007558904E-4,4.758732025013745E-5,6.235162542718483E-4,8.887549186829213E-5,5.000079634017866E-5,7.738487546931906E-5,8.006998524981216E-5,6.551716111527362E-5,0.9470631080735703,1.414170430265369E-4,6.41714145226723E-5,5.025696757714641E-5,3.015368475212944E-4,1.9946705079922365E-4,1.2223422834428262E-4,1.0491934751591852E-4,0.04716832421219704,2.359209198094349E-5,3.8470791064601705E-5,0.0018635144529469659,6.925652357599952E-5,1.3547523146354364E-4,1.2463479525968982E-4,3.188770031272564E-4,2.4903413838743246E-4,1.2499379112704801E-4,1.5582787290505982E-4,1.0619920515811493E-4,2.824677092582142E-4,1.5127164403027604E-4
USA-ORL-DAY,1.504137837968012E-4,0.052571935174685475,6.159312021590394E-4,2.646889229114577E-4,0.18990102365969327,2.101982642768443E-4,1.9379508831609424E-4,0.11880680297893227,1.5860959379134095E-4,0.06288498574784984,0.0012358795595288218,2.62780716002242E-4,0.0010811244020919196,3.5149681122667673E-4,0.0582133147487395,2.9323349635654826E-4,0.0011028483270752523,7.450450177873974E-5,3.2604291861664355E-4,0.005234922522213232,0.07032968591438102,0.012411947909659608,0.06877655765727825,6.245153707838448E-4,2.711575174431705E-4,3.9585245719175156E-4,0.26381562967419125,1.8244676177373847E-4,0.08909451762914214,1.6315668811327824E-4
USA-JEF-JEF,6.68078881605536E-5,2.96098432678299E-4,9.528902314413735E-5,8.956900321696384E-5,5.878332005773001E-5,6.741823542935462E-5,6.7078152811479E-5,2.3028337866853697E-4,5.421160577048854E-5,0.03263342929217599,1.36660700431941E-4,0.4843070468642874,6.16490172512415E-5,0.046117805763610055,3.110390760983454E-4,8.244393208055232E-5,1.870719054458787E-4,3.3747422930772313E-5,1.0188658974273118E-4,1.2947891638132115E-4,0.3220569256581822,0.11158000093579552,3.744653112639101E-5,1.3387263362866377E-4,8.213183137185537E-5,7.465276425575998E-4,5.1109839725831995E-5,6.912354503174586E-5,6.501960086243984E-5,5.004326134416172E-5
USA-WAS-WSD,8.467352965327577E-5,4.9177291010751806E-5,0.11509694147661044,8.713309970416813E-5,2.4239658216076675E-4,4.780669101594045E-5,5.2747389284035666E-5,2.7098353119158684E-4,0.026715534173180167,7.562650073024826E-5,2.882439585097562E-4,0.6877083816596864,0.044333874002929013,0.09564968594928448,0.013258465543184076,2.1306059185500047E-4,6.248079516604409E-5,8.925045086712245E-5,4.5692526316868704E-4,4.196311746319279E-4,1.8997917201927654E-4,3.1134239496654985E-4,5.479661636381428E-4,1.076092995939725E-4,0.012401626552416268,2.0893125217279684E-4,5.738926418735396E-4,1.8182077522613184E-4,1.1710808776292421E-4,1.5670400650625948E-4
USA-WAS-FRM,5.75538770617862E-4,3.3009473107401937E-4,8.237028108406042E-4,2.0406379810241598E-4,0.43745630677133496,0.0015803964669504525,2.734453632802294E-4,5.367505274304426E-4,0.008442119764403514,0.05251219237414713,0.18728442596702008,9.147458048147116E-4,8.236263446197512E-4,0.001496842404959683,0.008130993663966921,4.353545981059113E-4,8.892628098532465E-4,0.2840646566786071,3.4215268028166593E-4,2.2858491631593602E-4,4.2309416335422413E-4,5.534998928580825E-4,6.355757731445041E-4,3.668094064630188E-4,0.0015176894245058738,0.006788662855417209,0.0010223070632882781,6.82165756439268E-5,6.937257699630462E-4,5.851618286350867E-4
USA-LAX-PLS,-3.7906996920158234E-5,2.5807190231240816E-5,2.9359771625221595E-5,-2.4014492198486647E-5,9.12401944024399E-4,-5.424360551211132E-4,-2.001972709483342E-5,1.930636929218529E-4,0.8905599990008485,8.00530771425015E-5,-1.645579955629286E-5,1.4010957032758551E-6,-9.189142735089746E-5,0.007385388716437284,5.1758023176843835E-6,-2.1517320125596083E-5,-4.546840138999137E-5,-1.761590131409059E-4,-0.0023607486256688923,-2.482237619283924E-4,-8.055679178981139E-4,1.4386745188833397E-5,-1.3852087251863436E-5,-1.559084107837199E-5,-4.888825713551323E-6,-1.0647750105181344E-5,-2.3489717654598573E-4,0.10531907949109175,2.9447083254954164E-5,1.1472260830099755E-4
USA-MEM-MEM,6.2950608866652E-5,1.138872296971499E-4,3.3229581160547003E-5,3.3329747192003174E-5,3.803278410714525E-5,3.300941013604846E-5,4.3516733798331304E-5,9.572101126687884E-5,6.264763414703033E-4,1.380664208595413E-4,1.2641511716432824E-4,0.08404162490629472,6.080918420250179E-5,5.6794511294103E-5,8.632598156961483E-5,6.774578007263361E-5,0.9134917154680152,3.693249640031896E-5,3.8711852241490455E-5,8.800641245407045E-5,4.346321886307475E-5,6.344480432734023E-5,2.2255819937311406E-5,4.02717151274406E-5,1.484849286912254E-5,7.18105788561943E-5,1.2909560635445227E-4,1.3327979002332488E-5,2.1717200235236338E-4,7.100820404698224E-5
USA-ABU-ALB,0.04487262016570728,0.03679287746457207,0.0013552056025953325,2.5609710242421125E-4,1.3692619649347082E-4,0.0016657127408793366,0.0011148278026402918,0.0019003168375922612,0.078339249949658,5.651044240120444E-4,0.0011573243800315708,8.226815313258656E-5,1.3645331075800332E-4,0.01736360526873901,1.7549090049663138E-4,2.934949652769833E-4,3.9501479910901844E-4,0.17937810629483805,0.04292161596160286,0.061205020469182365,4.6589531407139137E-4,0.004952612619992803,0.3036502695926704,0.030701881852001088,2.4651820445942176E-4,1.5238509816140356E-4,5.280274028182976E-4,8.84384364469511E-5,2.15172603180166E-4,0.18889146608645663
USA-PEO-VER,0.03253709759858635,0.08439082613133557,0.02886443508795448,9.654310400286788E-5,1.0719645057035042E-4,5.999386174839764E-5,0.02046503564388505,1.642743472982967E-4,4.8137526834803583E-4,0.034242483053405985,6.366874390992184E-5,7.042187240596226E-5,1.9424793097306387E-4,5.7787795200159946E-5,0.0024422399597539683,1.4389366590115616E-4,2.7231466774406903E-4,5.06856737139061E-5,9.040260629474265E-5,1.898184903566836E-4,1.1424459947523367E-4,2.117502325163707E-4,1.0544903170558315E-4,4.950622695392398E-4,0.4162823862240804,9.03271843186809E-4,3.322222665147963E-4,6.438101109908096E-5,8.731858786938538E-5,0.37641917198062386
USA-BUF-BUF,0.04248639317526595,0.08372502794710725,0.02038967604790847,1.770395951329738E-4,0.0019181221752625106,1.0758609846465469E-4,3.2722642436030825E-4,0.10759750227372993,8.029170278477328E-4,0.038497402833330294,0.06205021468332416,0.047342273244665195,0.02127049031959955,2.0309610994172968E-4,0.19545849931969406,0.004024146195152794,3.999547588405631E-4,2.948743729782209E-4,0.02101257556496111,4.348910475699337E-4,0.030329861494552544,0.053111944169298035,4.502312162066233E-4,0.037341374596755204,4.849425400069381E-4,3.372040601940586E-4,0.005486491061418675,0.016824876572839466,0.07773425904998771,0.12937890602360327
USA-HOU-HOU,5.050541050944147E-5,0.006737984273940929,5.045953403397076E-5,7.18574330861899E-5,2.853453601846203E-5,1.679185444937502E-5,5.8744066812444166E-5,1.0967973479766887E-4,1.8286143814518515E-4,3.130352027346819E-4,0.060569276185887144,5.507529831798796E-5,0.7956893852220066,2.911699247498357E-5,0.006283682366730057,0.032722269915069054,2.6700366338984127E-5,1.62314871678049E-5,3.845388328425944E-5,0.0037150877333822206,5.009400673344679E-5,9.319855588543732E-5,4.7659401905137784E-5,0.03428543009820189,0.01930921108376719,5.473068946933423E-5,0.004586503292726272,0.006714363321476439,0.028000959368289283,9.211724635797573E-5
USA-LAX-IRV,4.6832792315540736E-4,0.011512511764512652,7.791812508616755E-5,0.4469761614537311,0.07842449013131489,0.001166000283193887,0.04645758772812774,4.976812228734757E-5,0.0014187102473883332,0.001992020233772618,0.0823660074318934,0.18208603723955336,7.05832719728492E-4,5.001335934461252E-5,0.025379753635702638,9.899280295753937E-5,0.004577013619555704,3.1897084743699135E-5,0.0014663604272394334,0.012412760661353068,1.0652812168024949E-4,0.025533896983364737,0.014501875414950438,0.017839962899867782,0.023681524395154144,8.57185473355062E-5,1.6903211630505852E-4,0.004450948036289742,1.7356279031498345E-4,0.01573878570009534
USA-MCN-PER,8.032998553779535E-4,7.620280061451962E-4,0.0022842927654155324,2.3994682933619295E-4,0.0014409120516529158,0.0017950422444914745,6.17838150450293E-4,6.243091285346323E-4,7.38930289983798E-4,4.481702150647544E-4,5.36762249476361E-4,0.005253563978545468,6.547545437398199E-4,2.8251636876567004E-4,4.8616828249032924E-4,0.004936462048771344,1.9356270496697316E-4,3.0490446450490404E-4,0.5307326997791562,3.211352827865328E-4,4.0871916921061296E-4,5.646063124887305E-4,2.885891658089474E-4,2.187238856842442E-4,4.48785967610453E-4,0.2046716711072522,4.448899853393729E-4,0.23778387706287205,0.0016371891822716648,7.56489218055089E-5
USA-GRR-GRR,-2.9105830034088916E-5,0.06213941756178033,0.146681782028631,-2.3537506204865097E-6,0.11343966774991082,1.2805683347726795E-5,2.73208416306361E-5,1.162729638270209E-5,1.1276606584011283E-5,-1.5920523729999195E-5,-1.8471946517083105E-5,-5.7538117302127684E-5,7.455187847961111E-6,3.956490868328017E-5,-1.7308368594076282E-5,-1.4745373111120894E-5,2.9902158140696305E-6,-2.3400530119932743E-5,0.6733716786720992,1.0901822149303074E-4,5.07322752579187E-5,1.960196534377906E-4,0.004022228839107738,3.4167757381106914E-5,2.9691677492552504E-5,-8.588322730459093E-6,9.96091171064396E-6,-5.987802221948341E-6,-1.6359532796971825E-5,1.2374009185787881E-5
USA-SAT-SAT,5.985449162083902E-5,0.36504827141077645,0.08849742892393422,0.05109104172942577,0.06481550604136818,3.0837939478915006E-4,1.2573420090984585E-4,0.13132791119893597,2.0454981299718067E-4,1.342436440863988E-4,0.2545240869483735,8.37790630305308E-5,1.9432866871490527E-4,8.542927644645274E-5,9.404991354161228E-5,1.1065201128041898E-4,7.322804694127771E-5,4.4437199956076846E-4,3.716402375733892E-4,8.433917232011794E-5,2.764738429854749E-4,8.243661745426794E-5,1.821795797887665E-4,4.175233344722724E-5,0.03333482481991086,1.1021569941596983E-4,2.3903130968160437E-4,0.007755884066042365,2.390221024333393E-4,5.9353442213587525E-5
USA-SAC-SAC,1.0657004527659273E-4,8.976257191564615E-5,3.938487193359314E-4,0.022012989067371747,0.0011781097513076948,4.1332836339691214E-4,3.9259639257216075E-4,0.001214949851602413,0.01710595359008201,1.4923464168580474E-4,0.06575305254720483,0.02960027896029233,6.72199320264669E-4,5.660111606310206E-5,0.030673355671712726,3.194439395487895E-4,0.040256463184219014,4.267199852817987E-5,0.724907836473777,0.0031667608265837483,4.500210255885277E-4,2.7478728534468893E-4,6.597467854977398E-5,9.504518232885549E-5,0.060078808840937324,1.1271311610941098E-4,1.0946835522506813E-4,1.0171855243085114E-4,1.601705368739097E-4,4.5285393870298096E-5
USA-PHI-PHI,1.3214772932493608E-4,0.0012618463632101224,3.885786188431383E-4,1.1862169696492527E-4,5.7265335778100814E-5,7.353189980945172E-5,8.466761811309972E-5,4.8587350338656664E-4,2.6205604370094E-4,0.04099835174041005,0.5527097969493511,1.2302938607515145E-4,9.913258741670181E-5,6.984826201201287E-5,7.452583796861562E-4,4.070631389875597E-5,3.0384896284132935E-4,3.928705735279531E-4,2.2747844795620688E-4,0.037078377229659655,4.545109210182058E-4,0.2276451028787608,1.9409366238861957E-4,1.1113079084586399E-4,1.3161861946424193E-4,0.13506929954332314,2.4295160179352098E-4,6.853292893078439E-5,2.981617616384381E-4,1.3130964987014327E-4
USA-COO-COL,6.366927740009378E-5,3.357911533973592E-4,0.15601262483374154,0.1204209615035635,0.06985410078340862,0.07800571593708468,1.947829844943752E-4,8.150875766311623E-5,8.663586649801842E-4,3.223919620518701E-4,1.232460201725547E-4,1.4457119503972989E-4,1.0618511310722267E-4,4.1320086748776013E-5,2.0253285863641363E-4,6.147806590369444E-5,2.1182715420067454E-4,0.046599207774438406,0.03760299576132356,2.1274439867998842E-4,0.0012921010091134577,0.12667024515348882,3.588086156831445E-4,6.166437587708163E-5,0.007050586669779309,2.9834327048544883E-4,0.32494206611534826,1.1153713807717495E-4,0.027689534747588687,6.109861852188954E-5
USA-CLE-AKR,1.24850205221196E-4,1.4176779712733216E-4,5.025015963482638E-5,3.162722503836865E-4,0.08118782817291646,0.0015602454060064037,5.722023289369706E-5,9.698668673746978E-5,8.369135302613545E-5,9.760563280375835E-5,8.034067280844076E-5,5.068710459211128E-4,1.1841984823503612E-4,4.537194968254178E-5,5.701776270477579E-5,1.4022019495011693E-4,4.666827277937949E-5,4.658483662663913E-5,0.013679055663130582,0.7554474776126697,1.317517359408869E-4,1.0083197941807943E-4,0.0887341319488568,3.639684839947473E-5,9.630559813397428E-5,1.5337021373884127E-4,1.2772863256846947E-4,1.1729025724198556E-4,0.05644512661837968,1.7232041106246657E-4
USA-NYM-RSN,9.520808140057365E-5,1.4341800602885038E-4,5.172881680353993E-4,4.385454365282812E-4,4.384521442492513E-4,0.07862578783533217,0.746251965829197,1.72485978252916E-4,4.5358880029536795E-4,1.6659083705886565E-4,0.08881979711324202,5.004469145981654E-4,2.1604754660324262E-4,2.1851656406127298E-4,6.196748068477641E-4,1.910301268912494E-4,9.629717984111317E-5,5.655771584662019E-4,0.07814276028196847,1.0205662921550709E-4,2.0233527061882378E-4,9.625566987203099E-5,0.00111165262637013,3.2594489868521115E-4,3.576289660810596E-5,1.4327330386968692E-4,2.47239473146873E-4,5.601290939176223E-4,3.92737383128265E-4,1.0913394566948105E-4
USA-FRS-COR,2.7873636057453054E-4,8.096989362573731E-4,2.0224001102310744E-4,3.515648651950977E-4,1.8996086670531679E-4,9.995416746055722E-5,8.784065711333243E-5,0.009500125415495237,1.0668839462546333E-4,9.374357064929278E-4,3.7642801865710645E-4,9.13223886348651E-5,0.2798278469368669,2.0593722858725424E-4,1.2135181092507817E-4,2.8998878965538045E-4,0.23234007809475,9.417679176994103E-5,1.5244294962015882E-4,0.27585841278728146,8.12708438261269E-4,0.004124075421230535,0.018264882576063776,1.8670036855385758E-4,4.979060367452972E-4,0.172941572429654,1.899176125512354E-4,3.4092692259422207E-4,3.677356315081728E-4,3.513433851466569E-4
USA-MIN-ANK,0.061445598062942954,0.006212352836600887,0.015658533888818243,0.03555135978568129,0.11959733010952417,0.007354972341233471,0.07174347094344526,0.08719266275733466,3.3328032994360725E-4,1.0838899218095879E-4,4.998026506547759E-4,0.3604037327303384,1.8596920942950092E-4,0.06946087395290458,0.019522305796307326,0.0016061485747779101,4.815670891054844E-5,9.131271108930855E-4,0.05886064127433913,0.01293199752287829,4.40496345380881E-5,7.937690910286125E-5,3.110093408615985E-4,0.016567989596769347,0.011621735763190904,1.3923595930033947E-4,0.04123193375291423,1.9836549380369428E-5,3.0444230525784047E-4,4.9684609545236104E-5
USA-CRS-CHS,8.812687805965365E-5,0.07308090540426146,2.14569268093076E-4,0.0014156951092000587,0.0534153854961022,7.123341064331784E-5,2.421337651726154E-4,6.466266770402549E-4,2.7484559492112925E-4,0.10498041605822053,0.07810711139845346,8.926947703278923E-4,0.0030604337538083434,0.002311794119071575,3.4870273614506884E-4,0.11880603102231886,4.54890951980402E-4,0.0019103493388391186,0.05423969854592349,0.001787676966362734,4.238306803671722E-4,4.1449083598480693E-4,0.001918457009364069,9.238855391706446E-5,0.23121671333087584,0.18479407726168254,2.3710968943634812E-4,7.445468206768094E-4,0.08335525527939719,4.5380927335275596E-4
USA-BOS-FAL,1.0736975756840382E-4,1.615327416106085E-4,1.001916288114327E-4,1.3528126972228355E-4,1.5107555880163178E-4,5.254737422192198E-5,1.8465201624261619E-4,1.6947743705286337E-4,2.4475251211646966E-4,1.2379629373312297E-4,8.73623808222244E-5,3.4878885480156145E-5,0.0022098818990459084,2.3153595479290416E-4,3.3864095489093853E-4,1.0368291697603166E-4,3.662263353122563E-4,6.119374681685793E-5,2.4630568830174323E-4,0.0012206700660638177,0.6796208808212597,0.0824885449791837,1.6738754876145765E-4,2.94293669940085E-4,0.22973900110582204,3.35190753408142E-4,3.2118041218036244E-4,1.851001825982471E-4,3.5271600447012673E-4,1.6464910399184368E-4
USA-TLS-TUL,2.9694366108787073E-4,2.6047585777281017E-4,2.2103756991307167E-4,5.421584603706619E-4,0.06159685058463052,2.1937383349751203E-4,0.0019067600393389598,7.443834139485436E-4,2.1510263706802426E-4,0.10839694687844192,2.7709542873024287E-4,5.866202147276934E-4,0.03786720505437301,0.0206473721787382,0.21888957539124979,0.004982282602199105,0.21079346438636573,1.8462929375417055E-4,0.0017121166272230004,2.4742958638985E-4,0.025083245920885424,0.06683448366928972,3.171819480468694E-4,6.753392485999212E-4,0.1014205690836224,0.08465122248493565,1.968981667054491E-4,5.820781169239101E-4,0.04940451349780987,2.466441633602252E-4
USA-MYR-MYR,0.0012231298936521493,0.004285710578545814,0.0019418779631635932,0.0034243541530446066,0.0011688169090745177,3.259766622942474E-4,0.432417292486202,0.01472453948007732,0.0015636656322300215,1.624259827326931E-4,0.1969887658216328,2.8563528290780494E-4,3.4562850158626347E-4,0.0011850004255891293,3.123219694400306E-4,0.0010537092738485878,1.3687325574161425E-4,0.0012653156801443197,0.2337322282079754,0.09535784465759702,7.661295561936921E-4,5.356163713864805E-4,7.3284605735244E-4,1.9289286488157771E-4,4.917007075822423E-4,7.636969839363995E-4,3.8688916329932384E-4,5.25951468633658E-6,0.004151048096863047,7.280786633901504E-5
USA-TUC-TUC,4.478482528789221E-5,6.661629592356132E-5,5.6990575115756615E-5,8.394878149643094E-5,1.8087094029187645E-4,1.0485001359034204E-4,3.1302466167955844E-4,7.234032737296114E-5,0.059744904282564675,8.089555435595229E-4,7.517532736269291E-5,0.016577871953854628,8.757136588863893E-5,0.033651025708450494,9.614694819205434E-4,5.994454079717746E-5,1.3686689238854059E-4,2.87296417183019E-5,8.440611978248282E-5,2.085636702576632E-4,8.143662492877524E-5,0.8583441822251594,6.241282438908648E-5,4.609475630303999E-4,1.355169932370395E-4,0.027206809230388665,1.0108765016855077E-4,6.602981261898076E-5,6.739412072043042E-5,1.2527200605472657E-4
USA-SHB-SHW,1.3505477743003163E-4,5.054546903560214E-4,3.6163098074444084E-4,8.162960256612021E-5,0.2635879473508776,0.001588114645969692,1.8575258087948724E-4,7.199353363876633E-4,0.2889351960888384,0.0010554705105205863,3.142747687695554E-4,0.0013049789120778746,8.154174586060438E-4,0.07880265638421795,0.001608058516279849,8.038304531660894E-4,0.0015549974349012528,3.8211990560559956E-4,3.4605558075548727E-4,3.4572703549778293E-4,0.04716888388818628,0.001632486973341787,2.538393389090222E-4,0.3004656824213582,0.003546995993421665,0.001030240917048465,4.0926081872693314E-4,7.786308574451392E-5,3.2144992039284437E-4,0.001658993628422648
USA-NYM-FAN,1.3625459047823457E-4,2.1178630958074146E-4,0.10810105207847079,7.834705672700648E-4,1.0209641727848193E-4,0.02777532891258332,3.7309357288108503E-4,2.9624149423459025E-4,7.784451275032349E-5,7.351045874344119E-5,6.823598465576555E-5,0.16935545694051718,9.36633023080311E-5,1.0623277141144152E-4,0.14220971863444912,4.2316758070086636E-4,3.032976350233267E-5,5.615366107902827E-5,0.08593346313329152,0.2479658191963715,2.5242142145402203E-4,2.040506001467399E-4,1.8320465918098003E-4,1.0033849629246211E-4,0.01756104803132254,0.08028744362323834,0.027554015233234953,0.05221801263069775,2.069099493414542E-4,0.03725963547253284
USA-PES-PEN,9.958838941888312E-5,0.5099118107919589,1.3615267413608962E-4,9.832545487397247E-4,0.0012437924336462325,2.443790331291191E-4,1.2301395723651417E-4,0.1931924275804103,0.04301989245666217,0.0012416636472956373,3.692007955965405E-4,4.220829544287702E-4,1.8447294586863827E-4,0.04229207686838037,1.22124303496325E-4,2.683624063165585E-4,3.486010133064164E-4,2.2822930387660036E-4,6.127690139663989E-4,0.008079055525673158,0.0014584544260353043,4.01447171678712E-4,0.1281383846171081,7.166901216543506E-5,0.0014128707797908871,0.0055415566245407945,0.002193261529412097,2.0120311726156997E-5,1.6271193490154814E-4,0.05747657294909783
USA-SLT-SAL,1.0376525921437599E-4,0.0016540638909531774,8.795113766594474E-5,4.860745878468015E-4,1.151299436093842E-4,3.6208467739815294E-5,5.4125647707518E-4,0.48588188733264864,3.399436240477359E-4,0.019053432488256708,6.974764922951389E-4,2.1638421618401994E-5,0.0855511971547621,6.124531633429344E-5,0.06081581297301343,0.10488887495088366,0.13403770964426415,8.389313780639214E-5,2.124331238132959E-4,0.018962341589411683,0.012219158469337294,0.047074503078606514,0.0074839942094460645,6.236780088257707E-4,2.3611095026477313E-4,2.1924453724183875E-4,1.5909967536469486E-4,0.00514401168875818,8.756872041268709E-5,0.01312029464848203
USA-PAN-PAF,0.1061172867926649,8.605414291676536E-4,0.2636115062264176,3.049485113913557E-4,6.720860608237088E-4,0.09711959335714873,9.244395204256225E-4,6.399100988604694E-4,0.007376829874674065,4.4070926090268196E-4,9.922623019595776E-4,9.131281220471617E-5,0.005228292627625189,2.4202078948676718E-4,0.04643597771122508,6.154243841970802E-4,9.731034139905773E-4,4.068916116336193E-4,4.424327180827905E-4,1.786073118485682E-4,0.0020751668336555476,7.062968338193606E-4,3.109963016258059E-4,8.816326140948172E-4,1.266890624305654E-4,6.09593475222108E-4,0.4596536650535539,0.0012663612611503808,3.774453335700188E-4,3.179764161465495E-4
USA-OKL-WAN,3.2964717187053294E-5,1.3113488480599023E-4,1.076831831138884E-4,1.7972838402632015E-5,1.0733762952426366E-4,4.609667452542498E-5,5.155174498752645E-5,6.997719040949112E-5,6.774092968037602E-5,0.9977504790917209,4.224031786354532E-5,1.991540691724413E-4,3.546922369671955E-5,1.6290417147900977E-4,8.264401200699943E-5,4.9738169568543184E-5,1.0712513632038799E-4,3.1023810707763885E-5,6.125245726127628E-5,8.337689342588762E-5,6.752475838439662E-5,5.8141041236975E-5,5.577156596458158E-5,5.983795303582676E-5,2.1951641549585368E-5,2.7348801397196205E-4,4.507533258812825E-5,1.6769566327104527E-5,8.54727528270039E-5,7.810022825415119E-5
USA-COP-COR,0.002394424147635287,3.566154943180449E-4,2.599415850834165E-4,0.09836841769203723,3.126323779975236E-4,1.6583605549065188E-4,0.0704225745656013,0.0018111639088181496,6.757879903950202E-4,2.11004684166309E-4,0.2551963104762917,0.02410368576604029,0.0019891259584760733,0.0032388719256263676,0.045109078053266416,3.0841886519163706E-4,0.0013029951454714462,1.429042062168825E-4,0.0035653166861894774,0.2457292590682426,0.0017919287668811588,0.0019236055323119466,9.117302087444377E-4,0.06380685912017302,0.0010817682674271478,0.17270480490055343,8.188059738433847E-4,4.6026883597339154E-4,2.739075914548587E-4,5.619561500815317E-4
USA-LAX-NWE,5.969481046012457E-5,4.4349490534276174E-5,3.77515947217143E-5,5.775684706104726E-5,0.18957245637799222,0.6097323421707224,7.803172101015312E-5,3.186185996959922E-5,5.256719066834969E-4,0.0011054587549834641,3.568854311772196E-5,0.19223441239540456,7.841520950723933E-5,4.1535599292502174E-5,3.5660685591732326E-5,4.475229817933476E-5,2.2439866940969218E-5,6.40376901201875E-5,8.099528010823909E-5,9.4777539568287E-5,2.6587615106467505E-5,3.28632164911457E-5,3.381088124588391E-5,4.12709636443002E-5,2.782520263183519E-5,0.0056833524781050165,6.0203101009934716E-5,2.2320573661493508E-5,6.605603273129328E-5,2.7619293403434646E-5
USA-OCA-OCA,0.003224104915929737,3.637619629134184E-4,6.424860754380693E-4,4.108734796460646E-4,5.423595629627321E-4,0.14106360174036958,2.3766046252556166E-4,2.6796820456630237E-4,1.9924919939721595E-4,3.353085643181989E-4,0.12024251183926367,4.343313960058535E-4,0.0011674120599610498,9.243603079763615E-5,7.600849422445507E-4,2.3570922904942912E-4,7.121273716440379E-5,7.476812338730232E-4,2.970771120521125E-4,1.6234799617049657E-4,2.8346553801478983E-4,0.001042661331083978,0.5280126371941077,0.19178627577683624,0.004085448553091058,6.248997821395477E-4,0.0011751689177153233,1.3139005939483207E-4,0.001119106241477971,2.407678614896609E-4
USA-WIM-WIM,2.5957602914491426E-4,0.0014543319486204664,0.0026708893483318127,9.704933007711095E-4,0.13261204176020638,6.232752205869124E-4,0.0017690042534335847,9.694586158909494E-4,6.788733819630184E-4,4.166791474834222E-4,4.0522318750468975E-4,0.3713309908591301,3.940895190700706E-4,0.2651541663286874,6.353662690922237E-4,0.003103977801653883,4.8709534208362136E-4,9.87612481117005E-4,0.19752616482909996,0.009765601031250062,0.002175992416051535,9.666032891779129E-4,0.0018177279383386606,1.1205822510430057E-4,1.2519785976933072E-5,0.0013519299454238984,3.585175962208798E-4,1.8032553215487037E-5,9.63010024220933E-4,8.697571148225665E-6
USA-OKL-OKL,0.01610035152537416,0.01858043295417382,3.1219126528146234E-4,8.17609173207403E-5,0.11892311932333138,0.006696550013974213,4.045286999668722E-4,0.26668387767992663,7.238364675367369E-4,0.0038991020162359473,1.7503648371943898E-4,5.375266921181085E-4,9.48233607943452E-4,0.02811912448053965,0.16709415562974778,2.3838786810906245E-4,0.0024225599067323658,9.902792352835236E-5,0.10155331038113485,5.049319524998886E-4,0.05463345832792597,0.022192017019309677,3.34921412299672E-4,0.03941781383044247,0.0010807791298582544,0.11174837756301148,6.470113853287617E-4,5.034993310004293E-4,0.03519602937292767,1.480468387009594E-4
USA-GAI-GAI,2.972101120088098E-4,0.4039344117933134,0.001036321390895579,6.722522664834804E-4,4.407269418949537E-4,1.990098285782713E-4,4.262282750430562E-4,6.626719063502374E-4,0.0013564543725723683,0.0018281496268985511,2.4031815067012403E-4,4.539361640471802E-4,5.487873454172596E-4,0.0010559470129526283,6.437843779452371E-4,1.3188378188474286E-4,0.1849804225591282,0.0012555188857294077,0.19943349289017123,0.19286763131510123,7.534798827599351E-4,3.4111946130913404E-4,8.254359590393768E-4,0.0017302812615165354,4.8097266978867023E-5,9.834883247389844E-4,1.6485034865801437E-4,2.3586949547850093E-4,1.911353076276301E-4,0.0022610836948070696
USA-MOD-MOD,1.4009805707978994E-4,0.0710919319869314,1.1703514409703589E-4,3.513354861819939E-4,4.380531089435682E-4,1.46515910561069E-4,9.676414289198725E-5,0.19043931785864757,5.369871725032802E-5,7.463559122516584E-5,1.0810674467514034E-4,0.5859382773523671,4.2822909986715976E-5,3.226158341493648E-4,7.585446028230055E-4,5.05610492011315E-4,8.590747242705141E-5,1.2577155977621589E-4,7.949620850342808E-5,7.341125773159149E-5,4.8207910197824725E-4,1.2859605842732472E-4,5.773957183107186E-5,8.115754465420095E-5,1.779692646702028E-4,1.7752108414418891E-4,5.2381797864566244E-5,3.0533041116267096E-5,0.14770468581888305,1.1738627816968247E-4
USA-ALN-ALB,0.0030060811905398025,4.119857244512526E-4,3.988736487321192E-4,0.0010383380690716822,0.27651867312746764,3.0744348692558114E-4,0.0021575810042621033,3.4123239604818146E-4,0.0026723678709679923,0.1431960297430396,7.403045182060522E-4,2.667455801055519E-4,9.70572863140678E-4,0.001655548785956003,4.3000237850813707E-4,0.001497922673404789,0.03357356533648208,0.00109730504217389,0.0028914773162800277,0.004461727546776487,0.2731869376040494,0.0012380970157043533,0.07695632726201533,3.888309655329133E-5,0.011960429051914028,0.14466582798795946,0.001620425037695816,6.391932225285877E-5,6.443714792865643E-4,0.011991003840029255
USA-NYM-RON,3.496592500062734E-4,8.858020032377808E-4,6.365669558704437E-5,9.835873318620122E-4,0.002661716937670431,6.213407316282284E-5,0.033311769918080894,0.002018063537650996,1.0989005023829347E-4,1.4809712167069734E-4,0.20908706645995534,5.4617116994466E-5,0.01059972398359304,0.01824162403802147,9.002969499801E-5,0.05056254978303005,1.575851291950399E-4,5.86018399135992E-4,0.38257372837012515,0.06042676506087606,0.002270689283373891,0.001497272168187184,0.019275823851187868,4.476294168778084E-4,3.7525449452239156E-4,0.03764483284487409,4.127291839129513E-4,9.078296124443101E-4,0.1636189931396377,5.748610498898984E-4
USA-SYR-SYR,1.0502848988711901E-4,2.842074177128862E-4,0.30767051585905714,1.8560809299830196E-4,0.5238951743368594,0.005074521608892192,0.0013886503713889681,2.7106314507936876E-4,3.690460714303071E-4,1.0441765235310013E-4,2.4182370219560158E-4,6.487224760094493E-4,9.932643035151105E-5,1.2907865255294297E-4,1.8289485722817173E-4,2.3915211859785158E-4,7.182328358061174E-5,0.0012422650314374121,8.616898820625056E-4,2.014739663908275E-4,4.643394664185097E-4,1.979875821204051E-4,3.260546249699368E-4,8.198400214453233E-5,2.3524837238892102E-4,8.119678874383752E-4,4.0385094300037156E-4,1.3966703647015996E-4,0.15404232223488046,3.0094404102591538E-5
USA-LEK-LEX,2.970643670525074E-4,9.326880007721833E-4,2.91170680585438E-4,7.96278155596728E-4,6.856853719873149E-5,4.949258019549535E-4,6.414478312425808E-4,7.553817731266715E-4,0.0013754308928269608,0.0019692994070797335,4.941699284586224E-4,6.816015949955584E-5,0.0020381281587411103,0.001921623623914524,0.03261123247644853,6.681434842612567E-4,0.09070708220390047,0.007038269406965071,7.966746853514178E-4,0.019356467211795306,8.679230514451349E-5,4.387950069102811E-4,1.2948408690421863E-4,0.3496778891389768,6.130777041439449E-5,6.473200041926306E-4,6.802023567040089E-4,0.0013659068109059757,6.6314533558589E-4,0.482926950397489
USA-NEO-NEW,0.023677003173317394,0.0015685887608463305,1.0248039079873534E-4,0.04079658397511527,6.913104313722297E-5,7.615973913309325E-5,0.03875373962840913,5.318187182075539E-4,0.15446317990881475,3.339792547734588E-5,0.4156013325701496,0.1452230565543389,0.02022703672253258,7.489878830494675E-5,1.2769706400999787E-4,0.09185506954028308,2.9219874114569016E-5,0.054735461389923995,2.4113665162431712E-4,1.7199602393179955E-4,5.578752335533788E-4,1.0896663116173487E-4,0.009759140026965497,2.2564848277451636E-4,1.3391056480704559E-4,1.928262148796284E-4,1.3662446428734098E-4,1.0785486444682632E-4,1.8995342321084934E-4,2.2821165144242114E-4
USA-DEN-BOU,1.0336771335039769E-4,0.0012459640815611643,0.1019341082838007,2.5405623614945596E-4,5.272589364698659E-4,0.009018708784554887,1.7090892484563833E-4,2.5710556839589896E-4,8.628845704278118E-4,0.06826376093623174,0.012841481058344718,0.23703427058554455,4.2654649048844205E-4,9.229691394396628E-4,0.016481707742660293,0.06738057840404987,0.1224880899916484,6.011877050146124E-5,2.680871793577486E-4,0.04045321633101033,0.09297008441735574,0.02229854223997811,0.029004001437432928,0.08153766449582948,0.035444100177282216,0.008371656683014777,0.018534981234547037,0.02091888056650568,0.007833554480914993,0.0020913445383060423
USA-GSO-WIN,1.5267914214038675E-4,9.036503368623257E-4,7.634589038493534E-5,4.1901049234730246E-4,1.4563923435625874E-4,2.1588423937497964E-4,3.618368935324049E-4,2.3751393024124876E-4,4.1054770841556583E-4,0.49420308818508,3.8845541817442413E-4,4.0694613206080564E-4,0.0010141713734384194,9.652575344997491E-5,0.0010620076860787095,1.800196899017642E-4,5.432793534866444E-4,2.0174664325055923E-4,1.377129588902555E-4,0.3301282337589841,6.915448602328993E-4,0.0038428036854157113,2.2874284064880666E-4,4.8589728828332045E-4,0.16114320173989308,1.730807538445674E-4,7.695880800673577E-4,6.997206327195766E-5,6.471164664636058E-4,6.627574014276069E-4
USA-WAS-ANM,5.089719024929796E-4,3.3372137866653605E-4,3.1134122546603855E-4,9.554349931836632E-5,2.6035282687954978E-5,2.7086118385080677E-4,2.373385511858438E-4,2.1000655797769947E-4,2.0186546137027653E-4,4.5585911620374305E-4,6.988423146226292E-4,1.501419245563052E-4,4.12857561301523E-4,5.493384286896609E-4,0.3921620567194319,2.4092145702990202E-4,3.0768819383328154E-4,5.730118902098335E-4,3.479847252274876E-4,3.5499833948062767E-4,3.1852446491437684E-4,3.8556523074819284E-4,3.4998550638247244E-4,0.21628930533130256,0.38304479233140737,1.261977139670303E-4,2.4052637185576777E-4,2.280035386850198E-4,2.8297357493197307E-4,2.8474022220180027E-4
USA-CUO-COL,1.7102711938238156E-4,1.9256863443534267E-4,0.0033304756585377047,7.14682099428333E-5,0.09533742358656978,2.961969494924777E-4,0.016582532727251333,2.8206033387383997E-4,0.011900886590788301,2.820884711745052E-4,3.472551837114214E-4,0.07101623597753502,0.0019428638965878814,5.334711530243883E-5,4.235130092353203E-4,1.2240371642425262E-4,9.471939536699125E-4,9.189183488035978E-5,3.0772842741769987E-4,3.2044541576864633E-4,0.1041673312205621,0.0699162655813906,4.1476395892452725E-5,0.03536107064020988,0.024878807342962002,0.07133292805134535,5.089882000146102E-4,6.590411466254074E-5,0.05519654762068624,0.4345110740202927
USA-HAP-HAR,3.48299680748387E-4,0.03766977176080022,7.852159918363505E-4,2.0060279815672209E-4,5.086078265052303E-4,0.0010455136266743624,5.029395873719344E-4,0.21939888598296656,0.0016186139971424197,0.08586500968030919,0.04873152275172775,0.04552649231980695,6.691384156445535E-4,0.0013940886792406359,0.3408249126100406,3.848446729332396E-4,0.0033578758042373605,1.402950046640036E-4,2.8465972440546393E-4,5.799719923853661E-4,0.002170843236582373,0.0031283898210487967,1.984220550147864E-4,9.295548499519355E-4,0.09235109295480358,0.010245051979801186,3.046361680664444E-4,4.3357547735126844E-4,3.7897194115666186E-4,0.10002219860862557
USA-NAS-NAS,8.700104671891067E-4,0.0544778418715792,0.001982154374697128,2.679535731528422E-4,4.7655852319210073E-4,3.2349824990159705E-4,0.12061811523850363,3.963995844257031E-4,5.775889240018641E-5,3.088563426867243E-4,5.65147429259927E-4,0.3246166550244731,0.10183718794302667,2.753564193259554E-4,0.05373480439284026,0.05261704378986072,0.0019117989860940334,2.3289094503483102E-4,4.669244429764588E-4,0.058718456611533534,1.931940441279914E-4,0.0010760008282860816,1.724961460498301E-4,0.031207426823570035,1.6375671910727937E-4,0.12129211160958653,0.05703638773896854,0.013348065379232573,4.3728847550842504E-4,3.1785913340878286E-4
USA-FOW-FOR,4.5111982599543675E-4,1.0504835093152352E-4,3.810069887826194E-5,0.001118667892525701,0.0014097896965800003,0.1115701936911495,4.461943434777149E-4,0.0011841852221607387,7.317902137959161E-4,1.240393856626045E-4,5.904370478741004E-4,0.05178909052627785,3.982542257202515E-4,0.00150252797643081,4.4876429676955006E-4,4.6675436963082833E-4,9.825181818016162E-5,9.288976881065504E-4,0.16382225154133753,4.015740830760722E-4,6.563781513331781E-4,4.065757599417237E-4,0.3013932717968437,0.12028153111583549,9.951914667484445E-4,0.22638090344202666,0.0013080219450227568,5.861513586003885E-5,0.010325977047658346,5.676012441682472E-4
USA-BOI-BOI,5.175916764506559E-5,0.5902529079997642,8.40790613105036E-5,4.088808808913259E-4,3.0269326942257045E-4,1.3772847672527722E-4,1.8138799609117596E-4,1.6375077199403087E-4,2.525562620841347E-4,0.09300941286555858,7.94409885703403E-5,0.16031035291220633,0.0011839863496812622,1.2351509075312256E-4,4.073568355988928E-4,1.7228825661117083E-4,0.004550205763123251,0.0239224446449143,1.1547542050690884E-4,9.844873036692704E-5,3.834727211401296E-4,4.04523928103623E-4,0.0490729912002126,0.06624521491279589,8.366728368748062E-5,2.0641431310648402E-4,3.4353349247862275E-4,0.007116467427109843,1.626526565776873E-4,1.7239032096874664E-4
USA-DAL-DLL,3.5344699770314936E-4,0.16896279234362982,0.04131781399590324,1.1822425245809573E-4,0.0012417961338408528,0.0011468285471890017,7.368814178024715E-4,0.003357034814112529,0.18465513751255322,0.024617939836653117,0.007485709841520876,0.05730327208900236,0.02156098080145678,0.009957544605156547,0.22424149209532965,0.001905761899103822,0.019480974479669372,0.0010321267704029933,0.003081723597826058,0.004952562839690164,0.0012446614769724541,0.0334188216124174,4.3374016059923747E-4,0.04911292629026683,0.042121150573371235,0.02173379214153561,5.325490488896512E-4,0.0729968451930206,3.2631604221352575E-4,5.691525897090394E-4
USA-LAS-LAS,0.009714812715557943,4.29894082152501E-4,0.015660338839462398,0.004674943980795069,0.021048383304568437,7.124636695931198E-5,0.016766300609793155,0.5032853961070153,0.07477103594144575,1.056611714863193E-4,2.292917703495177E-4,0.03315279131792095,0.0017482983481928943,2.305922833438017E-4,2.4125601335927595E-4,0.02477479445194621,5.538519995929258E-5,0.012029694182289552,0.047811445310236046,7.581231476472044E-5,0.04932461670333925,0.020196474078073488,0.001601402995637791,0.06087619595441006,1.2381764772615542E-4,1.312798823503391E-4,0.05072793040005569,0.006144867568903018,0.043614423197975684,3.816172599302769E-4
USA-HUS-DEC,3.181281785780403E-5,1.5557949222152204E-4,7.169288463376828E-4,4.8943824022333646E-5,1.5539599183265714E-4,2.1213586686302118E-5,7.20719126869214E-5,7.572047117500506E-5,3.96516506695104E-5,3.881842828018482E-5,5.749520122140929E-5,7.861885013355327E-5,1.2224781592028844E-4,1.241827533395721E-4,7.686924702047321E-5,7.063468424627431E-5,6.36732530817642E-5,5.793328866103084E-5,1.0851901246935543E-4,5.496253347565548E-5,7.678196491279236E-5,5.355915505440443E-5,0.9972827867610181,7.577142127415117E-5,5.5674892453763515E-5,8.399475691788264E-5,2.1296764716177975E-5,9.362228609689508E-5,5.26326502087956E-5,3.2605686007589354E-5
USA-AUT-AUS,4.3262413046612884E-5,0.025028204582114414,0.29848252449239776,0.017004622023617133,1.3796047068984372E-4,2.386270807921689E-5,5.81050478838645E-5,1.434232160317872E-4,0.09368670635464957,5.474570455133296E-5,3.329651762792055E-4,0.060322137186309514,1.2160875074513056E-4,9.869052927290317E-5,3.5893664943967795E-4,1.447555193611608E-4,0.20950021656337683,3.579800869770683E-5,0.012765872123747784,1.463585981291496E-4,0.0012934375954001787,0.004197592402297639,0.0267335771848858,1.7903778546234583E-4,1.1535687392503181E-4,0.147584463186343,0.03702348394400163,0.015416578585709849,0.04874337693510171,2.2233938845211756E-4
USA-FOC-FOR,5.107365516014547E-5,0.10679388604313507,1.7866514882549714E-4,0.030910174015626447,0.07122561697349299,2.522002543330362E-4,3.502446946844861E-4,0.23298652769837846,0.12725712337951667,0.004850008992418227,0.1601854152195306,4.113174395951713E-4,7.488671601505852E-4,0.08071310431332368,5.675876463176286E-4,9.185766969268051E-5,0.02562946040684644,3.5864953649000563E-4,5.011239005816233E-4,1.1187249435497256E-4,0.06653962430712249,8.050654647830963E-4,4.7046954916153975E-4,0.024732271591548487,2.907220190031126E-4,4.0357255468826883E-4,1.2565112433952683E-4,1.2858793305675994E-4,0.06060193169928866,0.00172732711455368
USA-BIN-END,3.584708611370547E-5,2.045830666361729E-5,1.9469796941229693E-5,3.565168720893693E-5,8.416143214333324E-6,1.566729942288406E-5,2.2045026923017848E-5,3.276970673756744E-5,1.3349958502411306E-4,1.3141638304111828E-5,1.0099482563700289E-4,1.000913574440101E-5,7.223162063146088E-5,2.447139456766271E-5,3.1846962895901766E-5,5.3253566721298626E-5,3.5153424808483285E-5,2.4013764886965033E-5,4.138639763309028E-5,2.799479812816175E-5,1.141825358340206E-5,7.257429680312995E-4,1.8227822376152636E-5,3.2101383453520384E-5,2.5388199918085804E-5,2.4409326643879645E-5,3.733604892310956E-5,0.9982802055122312,2.243493177345493E-5,6.441338485814185E-5
USA-LOU-LOU,3.0222328755959296E-4,0.018164681693841916,0.4853090260894007,1.200870508944638E-4,1.0290364797914208E-4,7.101436235564363E-5,1.5182555602054093E-4,1.5167796263853596E-4,5.559880742285891E-4,0.05779385760329553,1.536654099384145E-4,1.3298524009199952E-4,3.3866492270419736E-4,2.615328712144266E-4,3.59650156464637E-4,8.34282984474651E-5,0.14845765257844923,7.139787663393014E-5,1.7622601409006953E-4,2.744778994651476E-4,3.277741590298378E-4,1.2940844177692344E-4,1.1681186722148198E-4,6.432230534622167E-4,0.22865101085980016,9.219488743438748E-5,0.055050275401269534,5.530090068482961E-5,6.876908308872646E-4,0.0012133430027194436
USA-ROE-ROS,2.6153408703346405E-4,0.004196903989814048,0.0010008713592534115,0.0013400951082817292,0.0013651464995506188,2.3180851534785162E-4,0.18697754815455866,0.00419038196478463,0.005490885510653545,0.14261822809825056,7.673831945291881E-4,4.078740700626895E-4,0.002511791361362532,0.31542986866077977,0.003967803224864038,0.001403741782179285,0.0010054610889374059,2.5242827281621777E-4,5.781984858679728E-4,0.0017493542126186764,0.0028117684971689827,0.0017954431342847464,0.06883558319901735,0.0029436666447865477,2.8986967409070236E-4,9.77595693829448E-4,3.722069898103934E-4,1.5837655256853577E-4,0.24590932732905135,1.5885464384559833E-4
USA-DET-DET,9.229808117578124E-5,5.461190764034571E-4,1.8054802203754032E-4,0.03197613507182793,2.1085265881631507E-4,7.302615404614908E-5,2.5105793547279E-4,7.74765783992171E-4,0.004781328028867746,0.15247985015535181,9.81384411018277E-4,1.9829614954528268E-5,0.033964922633387226,6.815209436224655E-4,5.946711762635772E-4,0.18813954437423794,3.305372514252028E-4,1.8015234786419355E-4,0.22894884769128565,0.0029895010287777756,7.817092017771406E-5,2.4413334527538652E-4,0.027157194661659046,0.11212925265467276,1.9748504107953513E-4,0.0023349142434268035,0.0024054223201272,6.828231952135432E-4,5.06054951333301E-4,0.20606765622620626
USA-BAK-BAK,1.6378264191034854E-4,1.8649642693216456E-4,5.599496037414427E-4,4.2550866350454363E-4,2.00503575746077E-4,4.733885659191899E-4,1.438850699210309E-4,3.2139443141681755E-4,1.9889347046497875E-4,0.21316965909889457,0.23549018274511854,0.04487245910364024,9.736981534030465E-4,2.052326008766452E-4,6.091665379445858E-4,3.421425389853472E-4,4.6839690822734657E-4,1.0972648032838273E-4,2.563529911077409E-4,5.68601194254271E-4,1.5463460722285494E-4,0.11070301463410936,0.09885962876162725,1.942373609525576E-4,0.2637557594778707,1.5196293113097645E-4,0.002665697801956548,0.019331792015074706,2.1972979883767604E-4,0.004224121808879944
USA-CLE-CLE,1.339535236610327E-4,1.5429708444144506E-4,9.864405787882674E-5,6.071349534068563E-5,9.657285163449227E-5,0.009534337346428952,2.206366903116668E-4,8.75325509556087E-5,1.716342560000701E-4,1.2285010732413895E-4,0.020975296551854723,3.297057866392942E-5,8.883709241856677E-5,4.0732341873279823E-5,1.0352252030686033E-4,1.4062487289517818E-4,0.9031853843947945,1.849908961558303E-4,3.745602866419614E-5,2.501515928838383E-4,6.708213050188705E-5,7.291544219918122E-5,1.1430439550866981E-4,0.061074002050338395,7.094233894443521E-5,4.74885534044973E-5,1.1877194198864711E-4,1.0194927653723919E-4,1.0871401849245619E-4,0.0025026910175968784
USA-POR-POR,4.7944705183776905E-5,4.660934734490491E-5,1.2702698119249466E-4,5.8003357271263043E-5,0.7423879805570447,2.2562591949421774E-4,6.226650649157342E-5,4.377148346708284E-5,1.334913288697239E-4,5.115019166831131E-5,6.2690562634071E-5,4.570953396466966E-5,1.463866124165161E-4,8.641506238526237E-5,1.0866371481382146E-4,1.788982024366351E-4,2.9269776596787603E-5,0.14347175609354604,0.0018096522554044746,7.099926637333806E-5,7.541611678158608E-5,6.888628394414926E-5,0.11010649018300872,2.9922783046605255E-5,4.917430826354772E-5,8.018813428923015E-5,6.556859294509242E-5,1.7340017414995676E-4,1.0037762524051551E-4,5.6264339730768E-5
USA-FAN-FAY,0.04173419449658941,1.3701150671410026E-4,0.0016996212290578104,0.08058429928652748,0.010996048278764449,4.643388349667135E-4,0.026228952760008487,0.2608693761350911,0.0016972537304108476,0.03462464881466662,1.2269933436888836E-4,0.028918477940786235,0.08490994162802672,3.365336102526007E-4,0.04282179956899328,0.16417491019110517,9.227582558035853E-5,4.662743568602823E-5,0.00597527032458133,5.942407987688933E-4,0.04058626931805092,2.306745595445184E-4,-1.803116609999718E-5,0.0014896430079150784,0.08187109976959284,9.280938884933613E-4,-3.4286095020959434E-5,5.065134581771028E-4,0.055024056366709616,0.03238744516169112
USA-TYL-TYL,1.9690800080405126E-5,3.990973935691209E-5,3.309602414115783E-5,5.625510842761021E-5,1.945622682908697E-5,1.4360760312009384E-5,3.2987206700407964E-5,2.1409638114379392E-5,9.718900709696038E-5,3.937860042078403E-5,5.1754461456301006E-5,1.692155817128793E-5,1.2456078216580254E-4,2.2261310672047017E-5,5.621477610965103E-5,1.8808765805452618E-5,3.5655590306522925E-5,4.603281026636422E-5,2.7612222132406015E-5,2.8748792100939076E-5,3.3462648957758556E-5,6.280517156622595E-5,3.247236561926119E-5,2.833358205802163E-5,2.2912849282940666E-5,3.2652410179578134E-5,6.571589609791855E-5,9.736081327343346E-5,3.318858114538637E-5,0.998788791501153
USA-AL-BIR,1.2768613995190663E-4,0.00330789906066386,0.05077404235673517,6.083511721450907E-4,3.878587038562546E-4,0.0016062385159852138,6.419636765755365E-4,0.6304358941682341,8.992622844294727E-4,5.77584278524043E-4,0.0019930014282912908,0.0010633433298474157,6.41686463157348E-4,2.850443700493408E-4,0.001720777237675289,0.0012591547558254183,6.551096110279673E-4,3.389494713936746E-4,3.9306268512636093E-4,0.0030578937375253927,0.0011357455958525317,0.037032862608275506,0.0021394294812972442,0.0011716149775644832,0.002821473226036903,0.001452553164410945,1.972378023840012E-4,2.305576171300896E-4,0.25296261744192483,8.110463810348719E-5
USA-LEN-CLA,9.512870207851547E-5,9.59199716967421E-4,5.641185991091389E-4,9.45830411211E-5,2.7567924654694153E-4,1.0648111154360938E-4,4.5277053338048704E-4,3.868503998569098E-4,0.3115161751350624,1.2642362085779147E-4,5.0410947728841E-4,0.10971391150009802,6.407951150131924E-4,0.38338927719448784,2.637192734501706E-4,3.7034440864608983E-4,6.000914404820372E-4,0.18336618439318067,0.0012470703684365192,3.8863555351954283E-4,1.7204244568171562E-4,3.1486867015783645E-4,1.2062626916081539E-4,0.0018490703263093393,4.385800761296734E-4,5.956724917273003E-4,3.699909856794957E-4,6.104732913960363E-4,1.739666784348201E-4,2.931599341956183E-4
USA-BOS-CON,-7.722910319881697E-6,-2.446291490729457E-5,-6.734753837111267E-5,-3.247183489266607E-5,-1.9506106599547853E-5,1.2954242131173715E-5,-1.2767057624616016E-5,8.414722479778189E-6,-1.778079921745735E-5,-2.4713896512323446E-5,-2.369600842870754E-5,2.4899106759750698E-5,1.4569476184094243E-5,1.000311992115144,-2.9326585038949242E-5,-3.737499687341487E-5,-4.194582747979695E-5,1.9006682921277924E-4,-1.357931497563169E-5,-1.6328639566260548E-5,2.3437236904443385E-5,-4.2879886176863245E-6,-2.748979303292996E-5,-3.5433704838192454E-5,-4.95024349382512E-5,-5.8492741898828255E-6,-3.152138002090599E-5,-6.194309424067098E-5,1.77848695129723E-5,-1.9066497642963394E-5
USA-BAS-MAS,6.692243439664705E-4,2.27934841500297E-4,5.8357871108948705E-5,0.0013289253288849942,1.416069957585586E-4,1.9051172530316177E-4,0.3074306023578674,2.4491924682185946E-4,3.198578554767814E-4,7.88067010788676E-4,4.195474353888053E-4,0.563505513858455,2.594618615349397E-4,4.2090424890197324E-4,0.1163356729435008,5.4838549281404E-4,5.838626828587926E-4,8.002648037869903E-4,5.306815205155455E-4,2.1041402579704475E-4,4.062211618923499E-4,0.0015710877302968968,4.497064659656372E-4,5.464097675653253E-4,1.3905066133718919E-4,6.874572771322317E-4,1.7036385537474137E-4,1.6722705942870148E-4,8.180559932616483E-5,7.65953970649562E-4
USA-RON-ROC,8.298572775286632E-5,0.0010714193957238967,5.614136570206634E-4,0.007549629023912252,0.03525675528050097,8.551255743796118E-5,0.03207877929820924,5.580605454397942E-4,0.02449568141910723,4.48788757672475E-4,3.5101716811464673E-4,0.053801423313646735,0.019133232931845066,0.07448377055956934,3.350772221075093E-4,0.05644421173966584,0.1998353098126116,1.209579557403215E-4,6.555680744732758E-4,0.14037313011650926,0.020996813021745452,0.001421687839208262,3.757341900343952E-5,0.011143630466725778,2.993008810589259E-4,0.0929701681201753,0.22463409360428108,1.9519037039872014E-4,3.3137059133956504E-4,2.4744712900237067E-4
USA-STL-SAL,1.8103293122699178E-4,2.305425110266985E-4,5.4233881252670576E-5,9.07269463351397E-5,0.0681690314786861,0.04309105605853385,8.303239056774664E-5,1.9536751100423296E-4,2.2614079740277245E-4,1.826384441317595E-4,0.07345502397864738,0.06233794084572521,5.184664397556458E-4,6.25017191727716E-5,0.022043011995471803,0.01393061820149049,4.5310628401013494E-5,0.005687560654128671,1.93877553988306E-4,0.01644056988802192,1.6246062917930234E-4,2.5308592194962933E-4,7.347104474829455E-5,2.9244101136885036E-4,0.01983367319778727,4.8676287942196815E-4,0.638433083577965,0.03230048163485985,7.785481126820763E-5,8.680004364806205E-4
